index,name,weight,height,lifespan,population,locations,image_url,commons_file,commons_page,license,attribution
1,African Lion,570,48,19,39000,"Africa,Asia",https://upload.wikimedia.org/wikipedia/commons/f/f8/Lion_in_masai_mara.jpg,Lion in masai mara.jpg,https://commons.wikimedia.org/wiki/File:Lion_in_masai_mara.jpg,Public domain,"File:Lion in masai mara.jpg by <a href=""https://en.wikipedia.org/wiki/User:Sumit.pamnani"" class=""extiw"" title=""wikipedia:User:Sumit.pamnani"">Sumit.pamnani</a> at <a href=""https://en.wikipedia.org/wiki/"" class=""extiw"" title=""wikipedia:"">English Wikipedia</a> Public domain via Wikimedia Commons"
2,Siberian Tiger,660,42,15,600,Asia,https://upload.wikimedia.org/wikipedia/commons/b/b9/P.t.altaica_Tomak_Male.jpg,P.t.altaica Tomak Male.jpg,https://commons.wikimedia.org/wiki/File:P.t.altaica_Tomak_Male.jpg,CC BY-SA 3.0,"File:P.t.altaica Tomak Male.jpg by <a href=""//commons.wikimedia.org/wiki/User:Appaloosa"" title=""User:Appaloosa"">Appaloosa</a> CC BY-SA 3.0 via Wikimedia Commons"
3,African Bush Elephant,13400,158,70,415000,Africa,https://upload.wikimedia.org/wikipedia/commons/9/94/178_Male_African_bush_elephant_in_Etosha_National_Park_Photo_by_Giles_Laurent.jpg,178 Male African bush elephant in Etosha National Park Photo by Giles Laurent.jpg,https://commons.wikimedia.org/wiki/File:178_Male_African_bush_elephant_in_Etosha_National_Park_Photo_by_Giles_Laurent.jpg,CC BY-SA 4.0,"File:178 Male African bush elephant in Etosha National Park Photo by Giles Laurent.jpg by <a href=""//commons.wikimedia.org/wiki/User:Giles_Laurent"" title=""User:Giles Laurent"">Giles Laurent</a> CC BY-SA 4.0 via Wikimedia Commons"
4,Reticulated Giraffe,4255,216,26,20900,Africa,https://upload.wikimedia.org/wikipedia/commons/8/85/Payamfarahani_Reticulated_giraffe_africa.jpg,Payamfarahani - africa (14).jpg,https://commons.wikimedia.org/wiki/File:Payamfarahani_-_africa_(14).jpg,CC BY-SA 4.0,"File:Payamfarahani - africa (14).jpg by <a href=""//commons.wikimedia.org/wiki/User:Payamfarahani"" title=""User:Payamfarahani"">Payamfarahani</a> CC BY-SA 4.0 via Wikimedia Commons"
5,Polar Bear,1543,63,32,26000,"North America,Europe,Asia",https://upload.wikimedia.org/wikipedia/commons/6/66/Polar_Bear_-_Alaska_%28cropped%29.jpg,Polar Bear - Alaska (cropped).jpg,https://commons.wikimedia.org/wiki/File:Polar_Bear_-_Alaska_(cropped).jpg,CC BY-SA 3.0,File:Polar Bear - Alaska (cropped).jpg by Alan Wilson CC BY-SA 3.0 via Wikimedia Commons
6,Jaguar,348,30,20,64000,"South America,Central America,North America",https://upload.wikimedia.org/wikipedia/commons/thumb/2/2c/Obscured_jaguar.jpg/640px-Obscured_jaguar.jpg,Jaguar (25743482616).jpg,https://commons.wikimedia.org/wiki/File:Jaguar_(25743482616).jpg,CC BY 2.0,"File:Jaguar (25743482616).jpg by <a rel=""nofollow"" class=""external text"" href=""https://www.flickr.com/people/52900873@N07"">Greg Gjerdingen</a> from Willmar, USA CC BY 2.0 via Wikimedia Commons"
7,Leopard,198,31,23,250000,"Africa,Asia",https://upload.wikimedia.org/wikipedia/commons/0/0c/Male_leopard_-_Mara.jpg,Male leopard - Mara.jpg,https://commons.wikimedia.org/wiki/File:Male_leopard_-_Mara.jpg,CC BY-SA 4.0,"File:Male leopard - Mara.jpg by <a href=""//commons.wikimedia.org/w/index.php?title=User:Sumeetmoghe&amp;action=edit&amp;redlink=1"" class=""new"" title=""User:Sumeetmoghe (page does not exist)"">Sumeet Moghe</a> CC BY-SA 4.0 via Wikimedia Commons"
8,Snow Leopard,165,24,21,6000,Asia,https://upload.wikimedia.org/wikipedia/commons/a/a7/Uncia_uncia.jpg,Uncia uncia.jpg,https://commons.wikimedia.org/wiki/File:Uncia_uncia.jpg,CC BY-SA 3.0,File:Uncia uncia.jpg by Bernard Landgraf CC BY-SA 3.0 via Wikimedia Commons
9,Cheetah,159,36,12,7100,"Africa,Asia",https://upload.wikimedia.org/wikipedia/commons/3/36/Cheetah_%28Acinonyx_jubatus%29_female_2.jpg,Cheetah (Acinonyx jubatus) female 2.jpg,https://commons.wikimedia.org/wiki/File:Cheetah_(Acinonyx_jubatus)_female_2.jpg,CC BY-SA 4.0,"File:Cheetah (Acinonyx jubatus) female 2.jpg by <bdi><a href=""https://www.wikidata.org/wiki/Q54800218"" class=""extiw"" title=""d:Q54800218""><span title=""Scottish wildlife photographer"">Charles J. Sharp</span></a></bdi> CC BY-SA 4.0 via Wikimedia Commons"
10,Cougar,264,35,18,50000,"North America,South America",https://upload.wikimedia.org/wikipedia/commons/c/c1/Puma_-_49044464307.jpg,Puma - 49044464307.jpg,https://commons.wikimedia.org/wiki/File:Puma_-_49044464307.jpg,CC BY 2.0,File:Puma - 49044464307.jpg by Carlos CC BY 2.0 via Wikimedia Commons
11,Clouded Leopard,51,20,17,10000,Asia,https://upload.wikimedia.org/wikipedia/commons/0/08/Clouded_Leopard_%28205918213%29.jpeg,Clouded Leopard (205918213).jpeg,https://commons.wikimedia.org/wiki/File:Clouded_Leopard_(205918213).jpeg,CC BY-SA 3.0,"File:Clouded Leopard (205918213).jpeg by <div class=""fn value""><a rel=""nofollow"" class=""external text"" href=""https://500px.com/leeelvin"">Lee Elvin</a></div> CC BY-SA 3.0 via Wikimedia Commons"
12,Sunda Clouded Leopard,55,20,17,5000,Asia,https://upload.wikimedia.org/wikipedia/commons/b/b2/Borneo_clouded_leopard.jpg,Borneo clouded leopard.jpg,https://commons.wikimedia.org/wiki/File:Borneo_clouded_leopard.jpg,CC BY-SA 3.0,"File:Borneo clouded leopard.jpg by <a rel=""nofollow"" class=""external text"" href=""http://www.photosbypaulo.com"">www.photosbypaulo.com</a> CC BY-SA 3.0 via Wikimedia Commons"
13,Brown Bear,1500,60,32,200000,"North America,Europe,Asia",https://upload.wikimedia.org/wikipedia/commons/1/14/Brown_bear_%28Ursus_arctos%29%2C_Viiksimo%2C_Kainuu_region%2C_Finland_%2829058988558%29.jpg,"Brown bear (Ursus arctos), Viiksimo, Kainuu region, Finland (29058988558).jpg",https://commons.wikimedia.org/wiki/File:Brown_bear_(Ursus_arctos)%2C_Viiksimo%2C_Kainuu_region%2C_Finland_(29058988558).jpg,CC BY 2.0,"File:Brown bear (Ursus arctos), Viiksimo, Kainuu region, Finland (29058988558).jpg by <a rel=""nofollow"" class=""external text"" href=""https://www.flickr.com/people/42244964@N03"">Frank Vassen</a> from Brussels, Belgium CC BY 2.0 via Wikimedia Commons"
14,American Black Bear,900,40,30,800000,North America,https://upload.wikimedia.org/wikipedia/commons/6/6e/Canadian_Rockies_-_the_bear_at_Lake_Louise.jpg,Canadian Rockies - the bear at Lake Louise.jpg,https://commons.wikimedia.org/wiki/File:Canadian_Rockies_-_the_bear_at_Lake_Louise.jpg,CC BY-SA 2.0,"File:Canadian Rockies - the bear at Lake Louise.jpg by <a rel=""nofollow"" class=""external text"" href=""https://www.flickr.com/photos/hbarrison/"">HBarrison</a> CC BY-SA 2.0 via Wikimedia Commons"
15,Asian Black Bear,440,35,25,50000,Asia,https://upload.wikimedia.org/wikipedia/commons/b/b7/Ursus_thibetanus_3_%28Wroclaw_zoo%29.JPG,Ursus thibetanus 3 (Wroclaw zoo).JPG,https://commons.wikimedia.org/wiki/File:Ursus_thibetanus_3_(Wroclaw_zoo).JPG,CC BY-SA 3.0,"File:Ursus thibetanus 3 (Wroclaw zoo).JPG by <b><a href=""//commons.wikimedia.org/wiki/User:Gu%C3%A9rin_Nicolas"" title=""User:Guérin Nicolas"">Guérin Nicolas</a> <sup>(<a href=""//commons.wikimedia.org/wiki/User_talk:Gu%C3%A9rin_Nicolas"" title=""User talk:Guérin Nicolas"">messages</a>)</sup></b> CC BY-SA 3.0 via Wikimedia Commons"
16,Sun Bear,176,28,30,10000,Asia,https://upload.wikimedia.org/wikipedia/commons/a/a6/Sitting_sun_bear.jpg,Sitting sun bear.jpg,https://commons.wikimedia.org/wiki/File:Sitting_sun_bear.jpg,CC BY-SA 2.0,"File:Sitting sun bear.jpg by <a rel=""nofollow"" class=""external text"" href=""https://flickr.com/people/8070463@N03"">Tambako The Jaguar</a> CC BY-SA 2.0 via Wikimedia Commons"
17,Sloth Bear,440,35,40,20000,Asia,https://upload.wikimedia.org/wikipedia/commons/d/da/SlothBear.jpg,SlothBear.jpg,https://commons.wikimedia.org/wiki/File:SlothBear.jpg,CC BY-SA 4.0,"File:SlothBear.jpg by <a href=""//commons.wikimedia.org/w/index.php?title=User:Saumitranewalkar&amp;action=edit&amp;redlink=1"" class=""new"" title=""User:Saumitranewalkar (page does not exist)"">Saumitra Newalkar</a> CC BY-SA 4.0 via Wikimedia Commons"
18,Spectacled Bear,385,35,25,10000,South America,https://upload.wikimedia.org/wikipedia/commons/9/99/Spectacled_Bear_-_Houston_Zoo.jpg,Spectacled Bear - Houston Zoo.jpg,https://commons.wikimedia.org/wiki/File:Spectacled_Bear_-_Houston_Zoo.jpg,CC BY-SA 3.0,"File:Spectacled Bear - Houston Zoo.jpg by <a href=""https://en.wikipedia.org/wiki/User:Cburnett"" class=""extiw"" title=""en:User:Cburnett"">en:User:Cburnett</a> CC BY-SA 3.0 via Wikimedia Commons"
19,Giant Panda,330,35,20,1864,Asia,https://upload.wikimedia.org/wikipedia/commons/3/3c/Giant_Panda_2004-03-2.jpg,Giant Panda 2004-03-2.jpg,https://commons.wikimedia.org/wiki/File:Giant_Panda_2004-03-2.jpg,Public domain,"File:Giant Panda 2004-03-2.jpg by <a href=""//commons.wikimedia.org/wiki/User:Kubina"" title=""User:Kubina"">Jeff Kubina</a> Public domain via Wikimedia Commons"
20,Gray Wolf,175,36,16,300000,"North America,Europe,Asia",https://upload.wikimedia.org/wikipedia/commons/6/68/Eurasian_wolf_2.jpg,Eurasian wolf 2.jpg,https://commons.wikimedia.org/wiki/File:Eurasian_wolf_2.jpg,CC BY-SA 4.0,"File:Eurasian wolf 2.jpg by <a href=""//commons.wikimedia.org/w/index.php?title=User:Mas3cf&amp;action=edit&amp;redlink=1"" class=""new"" title=""User:Mas3cf (page does not exist)"">User:Mas3cf</a> CC BY-SA 4.0 via Wikimedia Commons"
21,Ethiopian Wolf,43,24,14,440,Africa,https://upload.wikimedia.org/wikipedia/commons/0/0e/Ethiopian_wolf_%28Canis_simensis_citernii%29_2.jpg,Ethiopian wolf (Canis simensis citernii) 2.jpg,https://commons.wikimedia.org/wiki/File:Ethiopian_wolf_(Canis_simensis_citernii)_2.jpg,CC BY-SA 4.0,"File:Ethiopian wolf (Canis simensis citernii) 2.jpg by <bdi><a href=""https://www.wikidata.org/wiki/Q54800218"" class=""extiw"" title=""d:Q54800218""><span title=""Scottish wildlife photographer"">Charles J. Sharp</span></a></bdi> CC BY-SA 4.0 via Wikimedia Commons"
22,African Wild Dog,79,30,12,6600,Africa,https://upload.wikimedia.org/wikipedia/commons/7/7d/Lycaon_pictus_%28Temminck%2C_1820%29.jpg,"Lycaon pictus (Temminck, 1820).jpg",https://commons.wikimedia.org/wiki/File:Lycaon_pictus_(Temminck%2C_1820).jpg,CC BY 3.0,"File:Lycaon pictus (Temminck, 1820).jpg by <a href=""//commons.wikimedia.org/wiki/User:Michael_G%C3%A4bler"" title=""User:Michael Gäbler"">Michael Gäbler</a> CC BY 3.0 via Wikimedia Commons"
23,Maned Wolf,51,35,15,23600,South America,https://upload.wikimedia.org/wikipedia/commons/0/0a/Chrysocyon_brachyurus_no_Parque_Nacional_da_Serra_da_Canastra_por_Celso_Ferrarezi_Jr_%2807%29.jpg,Chrysocyon brachyurus no Parque Nacional da Serra da Canastra por Celso Ferrarezi Jr (07).jpg,https://commons.wikimedia.org/wiki/File:Chrysocyon_brachyurus_no_Parque_Nacional_da_Serra_da_Canastra_por_Celso_Ferrarezi_Jr_(07).jpg,CC BY-SA 4.0,"File:Chrysocyon brachyurus no Parque Nacional da Serra da Canastra por Celso Ferrarezi Jr (07).jpg by <a href=""//commons.wikimedia.org/w/index.php?title=User:Ferrarezi_Jr.&amp;action=edit&amp;redlink=1"" class=""new"" title=""User:Ferrarezi Jr. (page does not exist)"">Ferrarezi Jr.</a> CC BY-SA 4.0 via Wikimedia Commons"
24,Bush Dog,18,12,15,15000,South America,https://upload.wikimedia.org/wikipedia/commons/5/52/Cachorro-vinagre.jpg,Cachorro-vinagre.jpg,https://commons.wikimedia.org/wiki/File:Cachorro-vinagre.jpg,CC BY 3.0,"File:Cachorro-vinagre.jpg by <a href=""//commons.wikimedia.org/wiki/User:Miguelrangeljr"" title=""User:Miguelrangeljr"">Miguelrangeljr</a> CC BY 3.0 via Wikimedia Commons"
25,Arctic Fox,21,12,14,630000,"North America;Europe;Asia",https://upload.wikimedia.org/wikipedia/commons/7/78/%D0%A1%D0%B0%D0%BC%D0%BA%D0%B0_%D0%BF%D0%B5%D1%81%D1%86%D0%B0_%D1%81%D0%BE_%D1%81%D0%BF%D1%83%D1%82%D0%BD%D0%B8%D0%BA%D0%BE%D0%B2%D1%8B%D0%BC_%D0%BF%D1%80%D0%B5%D0%B4%D0%B0%D1%82%D1%87%D0%B8%D0%BA%D0%BE%D0%BC.jpg,Самка песца со спутниковым предатчиком.jpg,https://commons.wikimedia.org/wiki/File:%D0%A1%D0%B0%D0%BC%D0%BA%D0%B0_%D0%BF%D0%B5%D1%81%D1%86%D0%B0_%D1%81%D0%BE_%D1%81%D0%BF%D1%83%D1%82%D0%BD%D0%B8%D0%BA%D0%BE%D0%BC_%D0%BF%D1%80%D0%B5%D0%B4%D0%B0%D1%82%D1%87%D0%B8%D0%BA%D0%BE%D0%BC.jpg,CC BY-SA 4.0,"File:Самка песца со спутниковым предатчиком.jpg by Olga Y. Kulikova CC BY-SA 4.0 via Wikimedia Commons"
26,Fennec Fox,3,8,14,100000,Africa,https://upload.wikimedia.org/wikipedia/commons/f/f4/Fennec_Fox_Peek.jpg,Fennec Fox Peek.jpg,https://commons.wikimedia.org/wiki/File:Fennec_Fox_Peek.jpg,CC BY-SA 4.0,"File:Fennec Fox Peek.jpg by <a href=""//commons.wikimedia.org/wiki/User:Anasserrihani"" title=""User:Anasserrihani"">Anass ERRIHANI</a> CC BY-SA 4.0 via Wikimedia Commons"
27,Red Fox,31,20,15,10000000,"North America,Europe,Asia,Africa,Australia",https://upload.wikimedia.org/wikipedia/commons/9/9d/Fox_at_the_British_Wildlife_Centre%2C_Newchapel%2C_Surrey_-_geograph.org.uk_-_2221750.jpg,"Fox at the British Wildlife Centre, Newchapel, Surrey - geograph.org.uk - 2221750.jpg",https://commons.wikimedia.org/wiki/File:Fox_at_the_British_Wildlife_Centre%2C_Newchapel%2C_Surrey_-_geograph.org.uk_-_2221750.jpg,CC BY-SA 2.0,Peter Trimming CC BY-SA 2.0 via Wikimedia Commons
28,Spotted Hyena,190,36,25,27000,Africa,https://upload.wikimedia.org/wikipedia/commons/e/ea/Hiena_manchada_%28Crocuta_crocuta%29%2C_parque_nacional_Kruger%2C_Sud%C3%A1frica%2C_2018-07-26%2C_DD_22.jpg,"Hiena manchada (Crocuta crocuta), parque nacional Kruger, Sudáfrica, 2018-07-26, DD 22.jpg",https://commons.wikimedia.org/wiki/File:Hiena_manchada_(Crocuta_crocuta)%2C_parque_nacional_Kruger%2C_Sud%C3%A1frica%2C_2018-07-26%2C_DD_22.jpg,CC BY-SA 4.0,Diego Delso CC BY-SA 4.0 via Wikimedia Commons
29,Striped Hyena,121,32,24,10000,"Africa,Asia",https://upload.wikimedia.org/wikipedia/commons/d/d5/Striped_Hyena_Adult.jpg,Striped Hyena Adult.jpg,https://commons.wikimedia.org/wiki/File:Striped_Hyena_Adult.jpg,CC BY-SA 3.0,"File:Striped Hyena Adult.jpg by <a href=""//commons.wikimedia.org/w/index.php?title=User:Sumeetmoghe&amp;action=edit&amp;redlink=1"" class=""new"" title=""User:Sumeetmoghe (page does not exist)"">Sumeet Moghe</a> CC BY-SA 3.0 via Wikimedia Commons"
30,Brown Hyena,101,31,20,4000,Africa,https://upload.wikimedia.org/wikipedia/commons/b/be/Brown_Hyena_%28Parahyaena_brunnea%29_%286472940707%29.jpg,Brown Hyena (Parahyaena brunnea) (6472940707).jpg,https://commons.wikimedia.org/wiki/File:Brown_Hyena_(Parahyaena_brunnea)_(6472940707).jpg,CC BY-SA 2.0,"File:Brown Hyena (Parahyaena brunnea) (6472940707).jpg by <a rel=""nofollow"" class=""external text"" href=""https://www.flickr.com/people/65695019@N07"">Bernard DUPONT</a> from FRANCE CC BY-SA 2.0 via Wikimedia Commons"
31,Aardwolf,30,20,15,31000,Africa,https://upload.wikimedia.org/wikipedia/commons/0/0b/Proteles_cristatus1.jpg,Proteles cristatus1.jpg,https://commons.wikimedia.org/wiki/File:Proteles_cristatus1.jpg,CC BY-SA 3.0,"File:Proteles cristatus1.jpg by by <a href=""https://de.wikipedia.org/wiki/User:Dkaeuferle"" class=""extiw"" title=""de:User:Dkaeuferle"">Dkaeuferle</a> = Dominik Käuferle CC BY-SA 3.0 via Wikimedia Commons"
32,Eastern Gorilla,440,72,40,5000,Africa,https://upload.wikimedia.org/wikipedia/commons/3/37/Gorillas_in_Uganda-1%2C_by_Fiver_L%C3%B6cker.jpg,"Gorillas in Uganda-1, by Fiver Löcker.jpg",https://commons.wikimedia.org/wiki/File:Gorillas_in_Uganda-1%2C_by_Fiver_L%C3%B6cker.jpg,CC BY-SA 2.0,"File:Gorillas in Uganda-1, by Fiver Löcker.jpg by <a rel=""nofollow"" class=""external text"" href=""https://www.flickr.com/people/32811308@N00"">Fiver Löcker</a> from Wellington, New Zealand CC BY-SA 2.0 via Wikimedia Commons"
33,Western Gorilla,440,72,40,100000,Africa,https://upload.wikimedia.org/wikipedia/commons/4/4c/Gorille.jpg,Gorille.jpg,https://commons.wikimedia.org/wiki/File:Gorille.jpg,CC BY 2.0,File:Gorille.jpg by Macinate CC BY 2.0 via Wikimedia Commons
34,Common Chimpanzee,130,66,60,300000,Africa,https://upload.wikimedia.org/wikipedia/commons/8/86/013_Alpha_male_chimpanzee_at_Kibale_forest_National_Park_Photo_by_Giles_Laurent.jpg,013 Alpha male chimpanzee at Kibale forest National Park Photo by Giles Laurent.jpg,https://commons.wikimedia.org/wiki/File:013_Alpha_male_chimpanzee_at_Kibale_forest_National_Park_Photo_by_Giles_Laurent.jpg,CC BY-SA 4.0,"© <a href=""//commons.wikimedia.org/wiki/User:Giles_Laurent"" title=""User:Giles Laurent"">Giles Laurent</a>, <a rel=""nofollow"" class=""external text"" href=""https://gileslaurent.com"">gileslaurent.com</a>, License CC BY-SA CC BY-SA 4.0 via Wikimedia Commons"
35,Bonobo,130,58,50,20000,Africa,https://upload.wikimedia.org/wikipedia/commons/0/07/Les_bonobos_utilisent_certaines_feuilles_aux_vertus_pharmacologique_contre_leurs_parasites_intestinaux.jpg,Les bonobos utilisent certaines feuilles aux vertus pharmacologique contre leurs parasites intestinaux.jpg,https://commons.wikimedia.org/wiki/File:Les_bonobos_utilisent_certaines_feuilles_aux_vertus_pharmacologique_contre_leurs_parasites_intestinaux.jpg,CC BY-SA 4.0,"File:Les bonobos utilisent certaines feuilles aux vertus pharmacologique contre leurs parasites intestinaux.jpg by <a href=""//commons.wikimedia.org/w/index.php?title=User:DBeaune&amp;action=edit&amp;redlink=1"" class=""new"" title=""User:DBeaune (page does not exist)"">DBeaune</a> CC BY-SA 4.0 via Wikimedia Commons"
36,Orangutan,220,60,59,100000,Asia,https://upload.wikimedia.org/wikipedia/commons/9/9d/Bornean%2C_Sumatran_%26_Tapanuli_orangs_%28horizontal%29.jpg,"Bornean, Sumatran & Tapanuli orangs (horizontal).jpg",https://commons.wikimedia.org/wiki/File:Bornean%2C_Sumatran_%26_Tapanuli_orangs_(horizontal).jpg,CC BY-SA 3.0,"File:Bornean, Sumatran & Tapanuli orangs (horizontal).jpg by Eric Kilby<br><a href=""//commons.wikimedia.org/wiki/User:Aiwok"" title=""User:Aiwok"">Aiwok</a><br>Tim Laman CC BY-SA 3.0 via Wikimedia Commons"
37,Gelada,44,30,30,200000,Africa,https://upload.wikimedia.org/wikipedia/commons/thumb/3/3c/Gelada_Baboon%2C_Simien_Mountains_National_Park%2C_Ethiopian_Highlands_%2832747669150%29.jpg/640px-Gelada_Baboon%2C_Simien_Mountains_National_Park%2C_Ethiopian_Highlands_%2832747669150%29.jpg,https://commons.wikimedia.org/wiki/File:Gelada_Baboon,_Simien_Mountains_National_Park,_Ethiopian_Highlands_(32747669150).jpg,Public domain,,
38,Mandrill,119,32,31,60000,Africa,https://upload.wikimedia.org/wikipedia/commons/7/75/Mandrill_at_san_francisco_zoo.jpg,Mandrill at san francisco zoo.jpg,https://commons.wikimedia.org/wiki/File:Mandrill_at_san_francisco_zoo.jpg,CC BY 2.0,"File:Mandrill at san francisco zoo.jpg by <a rel=""nofollow"" class=""external text"" href=""https://www.flickr.com/people/38885123@N00"">((brian))</a> from Sebastopol, CA, USA CC BY 2.0 via Wikimedia Commons"
39,Baboon,99,32,30,150000,"Africa,Asia",https://upload.wikimedia.org/wikipedia/commons/f/fc/Papio_anubis_%28Serengeti%2C_2009%29.jpg,"Papio anubis (Serengeti, 2009).jpg",https://commons.wikimedia.org/wiki/File:Papio_anubis_(Serengeti%2C_2009).jpg,CC BY-SA 3.0,"File:Papio anubis (Serengeti, 2009).jpg by <a href=""//commons.wikimedia.org/wiki/User:Yathin_sk"" title=""User:Yathin sk"">Yathin S Krishnappa</a> CC BY-SA 3.0 via Wikimedia Commons"
40,Proboscis Monkey,53,30,24,7000,Asia,https://upload.wikimedia.org/wikipedia/commons/e/e5/Proboscis_Monkey_in_Borneo.jpg,Proboscis Monkey in Borneo.jpg,https://commons.wikimedia.org/wiki/File:Proboscis_Monkey_in_Borneo.jpg,CC BY-SA 2.0,"File:Proboscis Monkey in Borneo.jpg by <a rel=""nofollow"" class=""external text"" href=""https://flickr.com/people/50852241@N00"">David Dennis</a> CC BY-SA 2.0 via Wikimedia Commons"
41,Golden Snub-nosed Monkey,57,26,25,15000,Asia,https://upload.wikimedia.org/wikipedia/commons/c/c8/Golden_Snub-nosed_Monkeys%2C_Qinling_Mountains_-_China.jpg,"Golden Snub-nosed Monkeys, Qinling Mountains - China.jpg",https://commons.wikimedia.org/wiki/File:Golden_Snub-nosed_Monkeys%2C_Qinling_Mountains_-_China.jpg,CC BY-SA 2.0,"File:Golden Snub-nosed Monkeys, Qinling Mountains - China.jpg by <a rel=""nofollow"" class=""external text"" href=""https://www.flickr.com/photos/giovannimari/"">Giovanni Mari</a> CC BY-SA 2.0 via Wikimedia Commons"
42,African Buffalo,2200,65,25,400000,Africa,https://upload.wikimedia.org/wikipedia/commons/c/cb/African_Buffalo.JPG,African Buffalo.JPG,https://commons.wikimedia.org/wiki/File:African_Buffalo.JPG,CC BY 2.5,File:African Buffalo.JPG by Paul M Rae CC BY 2.5 via Wikimedia Commons
43,American Bison,2200,72,23,500000,North America,https://upload.wikimedia.org/wikipedia/commons/8/8d/American_bison_k5680-1.jpg,American bison k5680-1.jpg,https://commons.wikimedia.org/wiki/File:American_bison_k5680-1.jpg,Public domain,File:American bison k5680-1.jpg by Jack Dykinga Public domain via Wikimedia Commons
44,European Bison,2100,72,28,7000,Europe,https://upload.wikimedia.org/wikipedia/commons/5/59/European_bison_%28Bison_bonasus%29_male_Bia%C5%82owieza.jpg,European bison (Bison bonasus) male Białowieza.jpg,https://commons.wikimedia.org/wiki/File:European_bison_(Bison_bonasus)_male_Bia%C5%82owieza.jpg,CC BY-SA 4.0,"File:European bison (Bison bonasus) male Białowieza.jpg by <bdi><a href=""https://www.wikidata.org/wiki/Q54800218"" class=""extiw"" title=""d:Q54800218""><span title=""Scottish wildlife photographer"">Charles J. Sharp</span></a></bdi> CC BY-SA 4.0 via Wikimedia Commons"
45,Gaur,3300,87,26,21000,Asia,https://upload.wikimedia.org/wikipedia/commons/thumb/c/c3/South_Indian_Gaur.jpg/640px-South_Indian_Gaur.jpg,Public domain,,,
46,Water Buffalo,2600,72,25,3600,Asia,https://upload.wikimedia.org/wikipedia/commons/3/38/Wasserb%C3%BCffel_%2825787818312%29.jpg,Wasserbüffel (25787818312).jpg,https://commons.wikimedia.org/wiki/File:Wasserb%C3%BCffel_(25787818312).jpg,CC BY-SA 2.0,"File:Wasserbüffel (25787818312).jpg by <a rel=""nofollow"" class=""external text"" href=""https://www.flickr.com/people/52245360@N07"">Eleleleven</a> from Bielefeld, Deutschland CC BY-SA 2.0 via Wikimedia Commons"
47,Yak,2205,72,25,15000,Asia,https://upload.wikimedia.org/wikipedia/commons/thumb/3/33/Baby_Yak_%28Bos_grunniens%29_in_Ladakh.jpg/640px-Baby_Yak_%28Bos_grunniens%29_in_Ladakh.jpg,,,,
48,Common Eland,2094,72,25,136000,Africa,https://upload.wikimedia.org/wikipedia/commons/3/31/Taurotragus_oryx_-_young_bull_-_Etosha_2015.jpg,Taurotragus oryx - young bull - Etosha 2015.jpg,https://commons.wikimedia.org/wiki/File:Taurotragus_oryx_-_young_bull_-_Etosha_2015.jpg,CC BY-SA 4.0,"File:Taurotragus oryx - young bull - Etosha 2015.jpg by <a href=""//commons.wikimedia.org/wiki/User:Yathin_sk"" title=""User:Yathin sk"">Yathin S Krishnappa</a> CC BY-SA 4.0 via Wikimedia Commons"
49,Giant Eland,2094,72,25,13000,Africa,https://upload.wikimedia.org/wikipedia/commons/f/f8/Western_Derby_Eland_%28Taurotragus_derbianus_derbianus%29_3_crop.jpg,Western Derby Eland (Taurotragus derbianus derbianus) 3 crop.jpg,https://commons.wikimedia.org/wiki/File:Western_Derby_Eland_(Taurotragus_derbianus_derbianus)_3_crop.jpg,CC BY-SA 3.0,"File:Western Derby Eland (Taurotragus derbianus derbianus) 3 crop.jpg by <a href=""//commons.wikimedia.org/wiki/User:Tom_Junek"" title=""User:Tom Junek"">Tom Junek</a>; cropped by <a href=""//commons.wikimedia.org/wiki/User:Beyond_My_Ken"" class=""mw-redirect"" title=""User:Beyond My Ken"">Beyond My Ken</a> (<a href=""//commons.wikimedia.org/wiki/User_talk:Beyond_My_Ken"" title=""User talk:Beyond My Ken""><span class=""signature-talk"">talk</span></a>) 04:49, 7 July 2012 (UTC) CC BY-SA 3.0 via Wikimedia Commons"
50,Nilgai,771,59,21,100000,Asia,https://upload.wikimedia.org/wikipedia/commons/6/66/Nilgai_%28Boselaphus_tragocamelus%29_male.jpg,Nilgai (Boselaphus tragocamelus) male.jpg,https://commons.wikimedia.org/wiki/File:Nilgai_(Boselaphus_tragocamelus)_male.jpg,CC BY-SA 4.0,"File:Nilgai (Boselaphus tragocamelus) male.jpg by <bdi><a href=""https://www.wikidata.org/wiki/Q54800218"" class=""extiw"" title=""d:Q54800218""><span title=""Scottish wildlife photographer"">Charles J. Sharp</span></a></bdi> CC BY-SA 4.0 via Wikimedia Commons"
51,Greater Kudu,694,63,23,119000,Africa,https://upload.wikimedia.org/wikipedia/commons/e/e4/Male_greater_kudu.jpg,Male greater kudu.jpg,https://commons.wikimedia.org/wiki/File:Male_greater_kudu.jpg,CC BY-SA 3.0,"<a href=""https://en.wikipedia.org/wiki/User:L0k1m0nk33"" class=""extiw"" title=""wikipedia:User:L0k1m0nk33"">L0k1m0nk33</a> at <a href=""https://en.wikipedia.org/wiki/"" class=""extiw"" title=""wikipedia:"">English Wikipedia</a> CC BY-SA 3.0 via Wikimedia Commons"
52,Gemsbok,660,48,20,373000,Africa,https://upload.wikimedia.org/wikipedia/commons/f/f3/Gemsbok_%28Oryx_gazella%29_male.jpg,Gemsbok (Oryx gazella) male.jpg,https://commons.wikimedia.org/wiki/File:Gemsbok_(Oryx_gazella)_male.jpg,CC BY-SA 4.0,"File:Gemsbok (Oryx gazella) male.jpg by <bdi><a href=""https://www.wikidata.org/wiki/Q54800218"" class=""extiw"" title=""d:Q54800218""><span title=""Scottish wildlife photographer"">Charles J. Sharp</span></a></bdi> CC BY-SA 4.0 via Wikimedia Commons"
53,Springbok,105,34,10,2500000,Africa,https://upload.wikimedia.org/wikipedia/commons/e/e3/174_Male_Springbok_in_Etosha_National_Park_Photo_by_Giles_Laurent.jpg,174 Male Springbok in Etosha National Park Photo by Giles Laurent.jpg,https://commons.wikimedia.org/wiki/File:174_Male_Springbok_in_Etosha_National_Park_Photo_by_Giles_Laurent.jpg,CC BY-SA 4.0,"File:174 Male Springbok in Etosha National Park Photo by Giles Laurent.jpg by <a href=""//commons.wikimedia.org/wiki/User:Giles_Laurent"" title=""User:Giles Laurent"">Giles Laurent</a> CC BY-SA 4.0 via Wikimedia Commons"
54,Thomson's Gazelle,77,28,15,550000,Africa,https://upload.wikimedia.org/wikipedia/commons/d/db/Gacela_de_Thomson_%28Eudorcas_thomsonii%29%2C_parque_nacional_de_Amboseli%2C_Kenia%2C_2024-05-23%2C_DD_11.jpg,"Gacela de Thomson (Eudorcas thomsonii), parque nacional de Amboseli, Kenia, 2024-05-23, DD 11.jpg",https://commons.wikimedia.org/wiki/File:Gacela_de_Thomson_(Eudorcas_thomsonii)%2C_parque_nacional_de_Amboseli%2C_Kenia%2C_2024-05-23%2C_DD_11.jpg,CC BY-SA 4.0,Diego Delso CC BY-SA 4.0 via Wikimedia Commons
55,Impala,168,36,17,2000000,Africa,https://upload.wikimedia.org/wikipedia/commons/4/49/Impala%2C_Chobe_National_Park%2C_Botswana_%2851879018932%29.jpg,"Impala, Chobe National Park, Botswana (51879018932).jpg",https://commons.wikimedia.org/wiki/File:Impala%2C_Chobe_National_Park%2C_Botswana_(51879018932).jpg,CC BY 2.0,"File:Impala, Chobe National Park, Botswana (51879018932).jpg by <a rel=""nofollow"" class=""external text"" href=""https://www.flickr.com/people/21162417@N07"">flowcomm</a> CC BY 2.0 via Wikimedia Commons"
56,Wildebeest,640,59,20,1500000,Africa,https://upload.wikimedia.org/wikipedia/commons/thumb/2/28/3269_Wildebeest_Foals.JPG/640px-3269_Wildebeest_Foals.JPG,,,GFDL 1.2,
57,Hartebeest,440,60,20,362000,Africa,https://upload.wikimedia.org/wikipedia/commons/e/ed/Alcelaphus_buselaphus%2C_Ngorongoro%2C_Tanzania.jpg,"Alcelaphus buselaphus, Ngorongoro, Tanzania.jpg",https://commons.wikimedia.org/wiki/File:Alcelaphus_buselaphus%2C_Ngorongoro%2C_Tanzania.jpg,CC BY 2.0,"File:Alcelaphus buselaphus, Ngorongoro, Tanzania.jpg by <a rel=""nofollow"" class=""external text"" href=""https://secure.flickr.com/people/wwarby/"">William Warby</a> CC BY 2.0 via Wikimedia Commons"
58,Topi,330,50,20,90000,Africa,https://upload.wikimedia.org/wikipedia/commons/thumb/7/79/Topi_Masai_Mara.jpg/640px-Topi_Masai_Mara.jpg,,,,
59,Sable Antelope,595,55,17,75000,Africa,https://upload.wikimedia.org/wikipedia/commons/b/bb/Sable_bull.jpg,Sable bull.jpg,https://commons.wikimedia.org/wiki/File:Sable_bull.jpg,CC BY-SA 3.0,"<a href=""https://en.wikipedia.org/wiki/User:Paulmaz"" class=""extiw"" title=""en:User:Paulmaz"">Paulmaz</a> CC BY-SA 3.0 via Wikimedia Commons"
60,Roan Antelope,661,60,17,70000,Africa,https://upload.wikimedia.org/wikipedia/commons/9/97/Roan_%28Hippotragus_equinus%29_male_..._%2850219724657%29.jpg,Roan (Hippotragus equinus) male ... (50219724657).jpg,https://commons.wikimedia.org/wiki/File:Roan_(Hippotragus_equinus)_male_..._(50219724657).jpg,CC BY-SA 2.0,"File:Roan (Hippotragus equinus) male ... (50219724657).jpg by <a rel=""nofollow"" class=""external text"" href=""https://www.flickr.com/people/65695019@N07"">Bernard DUPONT</a> from FRANCE CC BY-SA 2.0 via Wikimedia Commons"
61,Waterbuck,578,60,18,99000,Africa,https://upload.wikimedia.org/wikipedia/commons/4/41/Ugandan_defassa_waterbuck_%28Kobus_ellipsiprymnus_defassa%29_male.jpg,Ugandan defassa waterbuck (Kobus ellipsiprymnus defassa) male.jpg,https://commons.wikimedia.org/wiki/File:Ugandan_defassa_waterbuck_(Kobus_ellipsiprymnus_defassa)_male.jpg,CC BY-SA 4.0,"File:Ugandan defassa waterbuck (Kobus ellipsiprymnus defassa) male.jpg by <bdi><a href=""https://www.wikidata.org/wiki/Q54800218"" class=""extiw"" title=""d:Q54800218""><span title=""Scottish wildlife photographer"">Charles J. Sharp</span></a></bdi> CC BY-SA 4.0 via Wikimedia Commons"
62,Markhor,242,45,13,5754,Asia,https://upload.wikimedia.org/wikipedia/commons/3/38/Markhor_Schraubenziege_Capra_falconeri_Zoo_Augsburg-02.jpg,Markhor Schraubenziege Capra falconeri Zoo Augsburg-02.jpg,https://commons.wikimedia.org/wiki/File:Markhor_Schraubenziege_Capra_falconeri_Zoo_Augsburg-02.jpg,CC BY-SA 3.0,"File:Markhor Schraubenziege Capra falconeri Zoo Augsburg-02.jpg by <a href=""//commons.wikimedia.org/wiki/User:Rufus46"" title=""User:Rufus46"">Rufus46</a> CC BY-SA 3.0 via Wikimedia Commons"
63,Alpine Ibex,265,42,15,30000,Europe,https://upload.wikimedia.org/wikipedia/commons/e/e0/Bouquetin_en_Vanoise%2C_%C3%A9t%C3%A9_2023_03.jpg,"Bouquetin en Vanoise, été 2023 03.jpg",https://commons.wikimedia.org/wiki/File:Bouquetin_en_Vanoise%2C_%C3%A9t%C3%A9_2023_03.jpg,CC BY-SA 4.0,"File:Bouquetin en Vanoise, été 2023 03.jpg by <a href=""//commons.wikimedia.org/wiki/User:Ibex73"" title=""User:Ibex73"">Ibex73</a> CC BY-SA 4.0 via Wikimedia Commons"
64,Nubian Ibex,143,38,17,4000,"Asia,Africa",https://upload.wikimedia.org/wikipedia/commons/2/2a/Israel._Nubian_ibex_%2815625972648%29.jpg,Israel. Nubian ibex (15625972648).jpg,https://commons.wikimedia.org/wiki/File:Israel._Nubian_ibex_(15625972648).jpg,CC BY 2.0,"File:Israel. Nubian ibex (15625972648).jpg by <a rel=""nofollow"" class=""external text"" href=""https://www.flickr.com/people/17004938@N00"">Greg Schechter</a> from San Francisco, USA CC BY 2.0 via Wikimedia Commons"
65,Mountain Goat,309,40,18,100000,North America,https://upload.wikimedia.org/wikipedia/commons/1/16/Mountain_Goat_Mount_Massive.JPG,Mountain Goat Mount Massive.JPG,https://commons.wikimedia.org/wiki/File:Mountain_Goat_Mount_Massive.JPG,CC BY 3.0,"File:Mountain Goat Mount Massive.JPG by <a href=""//commons.wikimedia.org/w/index.php?title=User:Darklich14&amp;action=edit&amp;redlink=1"" class=""new"" title=""User:Darklich14 (page does not exist)"">Darklich14</a> CC BY 3.0 via Wikimedia Commons"
66,Musk Ox,1609,63,25,170000,"North America,Europe",https://upload.wikimedia.org/wikipedia/commons/e/ed/Ovibos_moschatus_qtl3.jpg,Ovibos moschatus qtl3.jpg,https://commons.wikimedia.org/wiki/File:Ovibos_moschatus_qtl3.jpg,CC BY-SA 3.0,"File:Ovibos moschatus qtl3.jpg by <a href=""//commons.wikimedia.org/wiki/User:Quartl"" title=""User:Quartl"">Quartl</a> CC BY-SA 3.0 via Wikimedia Commons"
67,Saiga Antelope,154,32,12,1000000,"Asia,Europe",https://upload.wikimedia.org/wikipedia/commons/5/57/Saiga_antelope_at_the_Stepnoi_Sanctuary.jpg,Saiga antelope at the Stepnoi Sanctuary.jpg,https://commons.wikimedia.org/wiki/File:Saiga_antelope_at_the_Stepnoi_Sanctuary.jpg,CC BY-SA 4.0,"File:Saiga antelope at the Stepnoi Sanctuary.jpg by <a href=""//commons.wikimedia.org/w/index.php?title=User:KunRiskun&amp;action=edit&amp;redlink=1"" class=""new"" title=""User:KunRiskun (page does not exist)"">Andrey Giljov</a> CC BY-SA 4.0 via Wikimedia Commons"
68,Tibetan Antelope,99,35,10,100000,Asia,https://upload.wikimedia.org/wikipedia/commons/1/1e/Atilope_du_Tibet.png,Atilope du Tibet.png,https://commons.wikimedia.org/wiki/File:Atilope_du_Tibet.png,CC BY-SA 4.0,"File:Atilope du Tibet.png by <a href=""//commons.wikimedia.org/wiki/User:6-A04-W96-K38-S41-V38"" title=""User:6-A04-W96-K38-S41-V38"">6-A04-W96-K38-S41-V38</a> CC BY-SA 4.0 via Wikimedia Commons"
69,Pronghorn,159,42,15,700000,North America,https://upload.wikimedia.org/wikipedia/commons/a/a3/Antilocapra_americana.jpg,Antilocapra americana.jpg,https://commons.wikimedia.org/wiki/File:Antilocapra_americana.jpg,CC BY-SA 3.0,Alan D. Wilson CC BY-SA 3.0 via Wikimedia Commons
70,Moose,1543,95,20,1500000,"North America,Europe,Asia",https://upload.wikimedia.org/wikipedia/commons/d/d3/Moose_at_Destiny_Wrestling.jpg,Moose at Destiny Wrestling.jpg,https://commons.wikimedia.org/wiki/File:Moose_at_Destiny_Wrestling.jpg,CC BY-SA 3.0,"File:Moose at Destiny Wrestling.jpg by <a href=""//commons.wikimedia.org/wiki/User:Tabercil"" title=""User:Tabercil"">Tabercil</a> CC BY-SA 3.0 via Wikimedia Commons"
71,Elk,1100,72,20,2000000,"North America,Asia",https://upload.wikimedia.org/wikipedia/commons/7/7b/E%C5%82k_13.05.2018_As_08.jpg,Ełk 13.05.2018 As 08.jpg,https://commons.wikimedia.org/wiki/File:E%C5%82k_13.05.2018_As_08.jpg,CC BY-SA 4.0,"File:Ełk 13.05.2018 As 08.jpg by <a href=""//commons.wikimedia.org/w/index.php?title=User:1957birth&amp;action=edit&amp;redlink=1"" class=""new"" title=""User:1957birth (page does not exist)"">1957birth</a> CC BY-SA 4.0 via Wikimedia Commons"
72,Red Deer,530,59,20,2000000,"Europe,Asia",https://upload.wikimedia.org/wikipedia/commons/4/4b/Cervus_elaphus_Luc_Viatour_6.jpg,Cervus elaphus Luc Viatour 6.jpg,https://commons.wikimedia.org/wiki/File:Cervus_elaphus_Luc_Viatour_6.jpg,CC BY-SA 3.0,"File:Cervus elaphus Luc Viatour 6.jpg by <a href=""//commons.wikimedia.org/wiki/User:Lviatour"" title=""User:Lviatour"">Lviatour</a> CC BY-SA 3.0 via Wikimedia Commons"
73,White-tailed Deer,300,48,15,30000000,"North America,South America",https://upload.wikimedia.org/wikipedia/commons/b/b7/White-tailed_deer.jpg,White-tailed deer.jpg,https://commons.wikimedia.org/wiki/File:White-tailed_deer.jpg,Public domain,File:White-tailed deer.jpg by USDA photo by Scott Bauer Public domain via Wikimedia Commons
74,Reindeer,701,59,15,2890000,"North America,Europe,Asia",https://upload.wikimedia.org/wikipedia/commons/f/fd/Caribou.jpg,Caribou.jpg,https://commons.wikimedia.org/wiki/File:Caribou.jpg,Public domain,File:Caribou.jpg by Dean Biggins (U.S. Fish and Wildlife Service) Public domain via Wikimedia Commons
75,Fallow Deer,220,38,16,500000,"Europe,Asia,Africa",https://upload.wikimedia.org/wikipedia/commons/f/f3/Fallow_deer_in_field.jpg,Fallow deer in field.jpg,https://commons.wikimedia.org/wiki/File:Fallow_deer_in_field.jpg,CC BY-SA 2.0,"File:Fallow deer in field.jpg by <a rel=""nofollow"" class=""external text"" href=""https://www.flickr.com/people/34168159@N00"">Johann-Nikolaus Andreae</a> CC BY-SA 2.0 via Wikimedia Commons"
76,Roe Deer,77,30,14,15000000,"Europe,Asia",https://upload.wikimedia.org/wikipedia/commons/0/0b/Capreolus_%28js%2911.jpg,Capreolus (js)11.jpg,https://commons.wikimedia.org/wiki/File:Capreolus_(js)11.jpg,CC BY 3.0,"File:Capreolus (js)11.jpg by <a href=""//commons.wikimedia.org/wiki/User:Jerzystrzelecki"" title=""User:Jerzystrzelecki"">Jerzystrzelecki</a> CC BY 3.0 via Wikimedia Commons"
77,Barasingha,616,56,20,5000,Asia,https://upload.wikimedia.org/wikipedia/commons/4/49/Portrait_of_red-coated_barasingha_%2851010137390%29.jpg,Portrait of red-coated barasingha (51010137390).jpg,https://commons.wikimedia.org/wiki/File:Portrait_of_red-coated_barasingha_(51010137390).jpg,CC BY 2.0,"File:Portrait of red-coated barasingha (51010137390).jpg by <a rel=""nofollow"" class=""external text"" href=""https://www.flickr.com/people/64924693@N00"">Kandukuru Nagarjun</a> from Bangalore, India CC BY 2.0 via Wikimedia Commons"
78,Père David's Deer,441,50,18,3000,Asia,https://upload.wikimedia.org/wikipedia/commons/2/20/Elaphurus_davidianus_01.JPG,Elaphurus davidianus 01.JPG,https://commons.wikimedia.org/wiki/File:Elaphurus_davidianus_01.JPG,CC BY-SA 3.0,"File:Elaphurus davidianus 01.JPG by <a href=""//commons.wikimedia.org/wiki/User:DiverDave"" title=""User:DiverDave"">DiverDave</a> CC BY-SA 3.0 via Wikimedia Commons"
79,Mule Deer,460,44,18,4000000,North America,https://upload.wikimedia.org/wikipedia/commons/3/39/Mule_deer_buck_full-face.jpg,Mule deer buck full-face.jpg,https://commons.wikimedia.org/wiki/File:Mule_deer_buck_full-face.jpg,CC BY 3.0,"File:Mule deer buck full-face.jpg by <a href=""//commons.wikimedia.org/wiki/User:Dcrjsr"" title=""User:Dcrjsr"">Dcrjsr</a> CC BY 3.0 via Wikimedia Commons"
80,Marsh Deer,330,47,15,40000,South America,https://upload.wikimedia.org/wikipedia/commons/8/83/Marsh_Deer%2C_Esteros_Del_Ibera%2C_Corrientes%2C_Argentina%2C_3rd._Jan._2011_-_Flickr_-_PhillipC.jpg,"Marsh Deer, Esteros Del Ibera, Corrientes, Argentina, 3rd. Jan. 2011 - Flickr - PhillipC.jpg",https://commons.wikimedia.org/wiki/File:Marsh_Deer%2C_Esteros_Del_Ibera%2C_Corrientes%2C_Argentina%2C_3rd._Jan._2011_-_Flickr_-_PhillipC.jpg,CC BY 2.0,"File:Marsh Deer, Esteros Del Ibera, Corrientes, Argentina, 3rd. Jan. 2011 - Flickr - PhillipC.jpg by <a rel=""nofollow"" class=""external text"" href=""https://www.flickr.com/people/42033648@N00"">Phillip Capper</a> from Wellington, New Zealand CC BY 2.0 via Wikimedia Commons"
81,Plains Zebra,990,55,25,500000,Africa,https://commons.wikimedia.org/wiki/File:Plains_Zebra_07.JPG,,,GFDL 1.2,
82,Grevy's Zebra,990,63,25,2680,Africa,https://upload.wikimedia.org/wikipedia/commons/7/74/Grevy%27s_Zebra_Stallion.jpg,Grevy's Zebra Stallion.jpg,https://commons.wikimedia.org/wiki/File:Grevy's_Zebra_Stallion.jpg,CC BY-SA 2.0,"File:Grevy's Zebra Stallion.jpg by <a rel=""nofollow"" class=""external text"" href=""https://www.flickr.com/photos/rainbirder/"">Rainbirder</a> CC BY-SA 2.0 via Wikimedia Commons"
83,Mountain Zebra,880,55,20,35000,Africa,https://upload.wikimedia.org/wikipedia/commons/thumb/7/77/Equus_zebra_hartmannae_%281%29.jpg/640px-Equus_zebra_hartmannae_%281%29.jpg,,,Attribution,
84,African Wild Ass,600,53,25,570,Africa,https://upload.wikimedia.org/wikipedia/commons/6/65/African_wild_Ass.jpg,African wild Ass.jpg,https://commons.wikimedia.org/wiki/File:African_wild_Ass.jpg,CC BY 2.0,"File:African wild Ass.jpg by <a rel=""nofollow"" class=""external text"" href=""https://www.flickr.com/people/51084672@N00"">päts</a> from Mexico CC BY 2.0 via Wikimedia Commons"
85,Onager,660,49,25,600,Asia,https://upload.wikimedia.org/wikipedia/commons/9/90/Onager_Asiatischer_Wildesel_Equus_hemionus_onager_Zoo_Augsburg-12.jpg,Onager Asiatischer Wildesel Equus hemionus onager Zoo Augsburg-12.jpg,https://commons.wikimedia.org/wiki/File:Onager_Asiatischer_Wildesel_Equus_hemionus_onager_Zoo_Augsburg-12.jpg,CC BY-SA 3.0,"File:Onager Asiatischer Wildesel Equus hemionus onager Zoo Augsburg-12.jpg by <a href=""//commons.wikimedia.org/wiki/User:Rufus46"" title=""User:Rufus46"">Rufus46</a> CC BY-SA 3.0 via Wikimedia Commons"
86,Przewalski's Horse,770,56,25,2000,Asia,https://upload.wikimedia.org/wikipedia/commons/a/aa/Przewalski%27s_Horse_%2802710137%29.jpg,Przewalski's Horse (02710137).jpg,https://commons.wikimedia.org/wiki/File:Przewalski's_Horse_(02710137).jpg,CC BY-SA 2.0,File:Przewalski's Horse (02710137).jpg by IAEA Imagebank CC BY-SA 2.0 via Wikimedia Commons
87,White Rhinoceros,7920,79,40,15940,Africa,https://upload.wikimedia.org/wikipedia/commons/e/e1/White_rhinoceros_africa.jpg,White rhinoceros africa.jpg,https://commons.wikimedia.org/wiki/File:White_rhinoceros_africa.jpg,CC BY-SA 4.0,"File:White rhinoceros africa.jpg by <a href=""//commons.wikimedia.org/wiki/User:Payamfarahani"" title=""User:Payamfarahani"">Payamfarahani</a> CC BY-SA 4.0 via Wikimedia Commons"
88,Black Rhinoceros,3091,71,45,6195,Africa,https://upload.wikimedia.org/wikipedia/commons/2/22/2012_Black_Rhinoceros_Gemsbokvlakte.jpg,2012 Black Rhinoceros Gemsbokvlakte.jpg,https://commons.wikimedia.org/wiki/File:2012_Black_Rhinoceros_Gemsbokvlakte.jpg,CC BY-SA 3.0,"File:2012 Black Rhinoceros Gemsbokvlakte.jpg by <a href=""//commons.wikimedia.org/wiki/User:Yathin_sk"" title=""User:Yathin sk"">Yathin S Krishnappa</a> CC BY-SA 3.0 via Wikimedia Commons"
89,Indian Rhinoceros,7716,73,45,3700,Asia,https://upload.wikimedia.org/wikipedia/commons/4/45/Rhinoceros_unicornis_12zz.jpg,Rhinoceros unicornis 12zz.jpg,https://commons.wikimedia.org/wiki/File:Rhinoceros_unicornis_12zz.jpg,CC BY-SA 4.0,File:Rhinoceros unicornis 12zz.jpg by Photo by David J. Stang CC BY-SA 4.0 via Wikimedia Commons
90,Sumatran Rhinoceros,2200,59,45,34,Asia,https://upload.wikimedia.org/wikipedia/commons/3/33/Sumatran_Rhino_2.jpg,Sumatran Rhino 2.jpg,https://commons.wikimedia.org/wiki/File:Sumatran_Rhino_2.jpg,CC BY 2.0,"File:Sumatran Rhino 2.jpg by <a rel=""nofollow"" class=""external text"" href=""https://www.flickr.com/photos/charlessf/"">Charles W. Hardin</a> CC BY 2.0 via Wikimedia Commons"
91,Javan Rhinoceros,5070,72,45,75,Asia,https://upload.wikimedia.org/wikipedia/commons/c/ce/Rhinoceros_sondaicus_in_London_Zoo.jpg,Rhinoceros sondaicus in London Zoo.jpg,https://commons.wikimedia.org/wiki/File:Rhinoceros_sondaicus_in_London_Zoo.jpg,Public domain,File:Rhinoceros sondaicus in London Zoo.jpg by T.Dixon. The Zoological Society of London Public domain via Wikimedia Commons
92,Common Hippopotamus,9920,65,55,115000,Africa,https://upload.wikimedia.org/wikipedia/commons/e/e5/Hippo_%28Hippopotamus_amphibius%29_%2816485955207%29.jpg,Hippo (Hippopotamus amphibius) (16485955207).jpg,https://commons.wikimedia.org/wiki/File:Hippo_(Hippopotamus_amphibius)_(16485955207).jpg,CC BY-SA 2.0,"File:Hippo (Hippopotamus amphibius) (16485955207).jpg by <a rel=""nofollow"" class=""external text"" href=""https://www.flickr.com/people/65695019@N07"">Bernard DUPONT</a> from FRANCE CC BY-SA 2.0 via Wikimedia Commons"
93,Pygmy Hippopotamus,605,39,43,2500,Africa,https://upload.wikimedia.org/wikipedia/commons/thumb/9/93/Pygmy_hippopotamus_pair.jpg/640px-Pygmy_hippopotamus_pair.jpg,,,,
94,Common Warthog,330,30,18,250000,Africa,https://upload.wikimedia.org/wikipedia/commons/9/9c/Nolan_warthog_%28Phacochoerus_africanus_africanus%29.jpg,Nolan warthog (Phacochoerus africanus africanus).jpg,https://commons.wikimedia.org/wiki/File:Nolan_warthog_(Phacochoerus_africanus_africanus).jpg,CC BY-SA 4.0,"File:Nolan warthog (Phacochoerus africanus africanus).jpg by <bdi><a href=""https://www.wikidata.org/wiki/Q54800218"" class=""extiw"" title=""d:Q54800218""><span title=""Scottish wildlife photographer"">Charles J. Sharp</span></a></bdi> CC BY-SA 4.0 via Wikimedia Commons"
95,Giant Forest Hog,606,43,20,20000,Africa,https://upload.wikimedia.org/wikipedia/commons/e/e6/Hylochoerus_meinertzhageni2.jpg,Hylochoerus meinertzhageni2.jpg,https://commons.wikimedia.org/wiki/File:Hylochoerus_meinertzhageni2.jpg,CC BY-SA 2.0,"File:Hylochoerus meinertzhageni2.jpg by <a rel=""nofollow"" class=""external text"" href=""https://www.flickr.com/people/41894166489@N01"">michell zappa</a> from São Paulo, Brazil CC BY-SA 2.0 via Wikimedia Commons"
96,Bushpig,331,39,20,100000,Africa,https://upload.wikimedia.org/wikipedia/commons/3/35/African_bush_pigs%2C_Mapungubwe_National_Park_%2835884241784%29.jpg,"African bush pigs, Mapungubwe National Park (35884241784).jpg",https://commons.wikimedia.org/wiki/File:African_bush_pigs%2C_Mapungubwe_National_Park_(35884241784).jpg,CC BY 2.0,"File:African bush pigs, Mapungubwe National Park (35884241784).jpg by <a rel=""nofollow"" class=""external text"" href=""https://www.flickr.com/people/93242958@N00"">Derek Keats</a> from Johannesburg, South Africa CC BY 2.0 via Wikimedia Commons"
97,Baird's Tapir,880,47,30,5000,"Central America,South America",https://upload.wikimedia.org/wikipedia/commons/b/b1/Baird%27s_tapir_mother_with_baby_%2892151%29.jpg,Baird's tapir mother with baby (92151).jpg,https://commons.wikimedia.org/wiki/File:Baird's_tapir_mother_with_baby_(92151).jpg,CC BY-SA 4.0,"File:Baird's tapir mother with baby (92151).jpg by <a href=""//commons.wikimedia.org/wiki/User:Rhododendrites"" title=""User:Rhododendrites"">Rhododendrites</a> CC BY-SA 4.0 via Wikimedia Commons"
98,Malayan Tapir,807,47,30,2500,Asia,https://upload.wikimedia.org/wikipedia/commons/b/bd/Malayan_Tapir.JPG,Malayan Tapir.JPG,https://commons.wikimedia.org/wiki/File:Malayan_Tapir.JPG,CC BY-SA 3.0,File:Malayan Tapir.JPG CC BY-SA 3.0 via Wikimedia Commons
99,Collared Peccary,99,22,24,3000000,"North America,South America",https://upload.wikimedia.org/wikipedia/commons/3/33/Tayassu_tajacu.jpg,Tayassu tajacu.jpg,https://commons.wikimedia.org/wiki/File:Tayassu_tajacu.jpg,CC BY-SA 3.0,"I, <a href=""//commons.wikimedia.org/wiki/User:Chrumps"" title=""User:Chrumps"">Chrumps</a> CC BY-SA 3.0 via Wikimedia Commons"
100,Southern Elephant Seal,8818,96,23,700000,"Antarctica,South America",https://upload.wikimedia.org/wikipedia/commons/2/2d/%C3%89l%C3%A9phant_de_mer_m%C3%A2le_-_panoramio.jpg,Éléphant de mer mâle - panoramio.jpg,https://commons.wikimedia.org/wiki/File:%C3%89l%C3%A9phant_de_mer_m%C3%A2le_-_panoramio.jpg,CC BY-SA 3.0,franek2 CC BY-SA 3.0 via Wikimedia Commons
101,Walrus,3748,63,40,225000,"North America,Europe,Asia",https://upload.wikimedia.org/wikipedia/commons/thumb/2/20/Walrus-908609_960_720.jpg/640px-Walrus-908609_960_720.jpg,,,,
102,Steller Sea Lion,2472,62,30,145000,"North America,Asia",https://upload.wikimedia.org/wikipedia/commons/0/06/Steller_sea_lions_%28Eumetopias_jubatus%29_on_rocks.jpg,Steller sea lions (Eumetopias jubatus) on rocks.jpg,https://commons.wikimedia.org/wiki/File:Steller_sea_lions_(Eumetopias_jubatus)_on_rocks.jpg,Public domain,File:Steller sea lions (Eumetopias jubatus) on rocks.jpg by Rolf Ream Public domain via Wikimedia Commons
103,California Sea Lion,860,48,25,200000,North America,https://upload.wikimedia.org/wikipedia/commons/0/03/Kalifornischer_Seel%C3%B6we_%28Zalophus_californianus%29%2C_Territorialverhalten.jpg,"Kalifornischer Seelöwe (Zalophus californianus), Territorialverhalten.jpg",https://commons.wikimedia.org/wiki/File:Kalifornischer_Seel%C3%B6we_(Zalophus_californianus)%2C_Territorialverhalten.jpg,CC BY-SA 2.0,"File:Kalifornischer Seelöwe (Zalophus californianus), Territorialverhalten.jpg by <a rel=""nofollow"" class=""external text"" href=""https://www.flickr.com/people/rosiejuliet/"">marneejill</a> <span class=""mw-valign-text-top noprint"" typeof=""mw:File/Frameless""><a href=""//commons.wikimedia.org/wiki/File:Kalifornischer_Seel%C3%B6we_(Zalophus_californianus),_Territorialverhalten.jpg#P170"" title=""Edit this at Structured Data on Commons""><img alt=""Edit this at Structured Data on Commons"" src=""https://upload.wikimedia.org/wikipedia/commons/thumb/8/8a/OOjs_UI_icon_edit-ltr-progressive.svg/20px-OOjs_UI_icon_edit-ltr-progressive.svg.png"" decoding=""async"" width=""10"" height=""10"" class=""mw-file-element"" data-file-width=""20"" data-file-height=""20""></a></span> CC BY-SA 2.0 via Wikimedia Commons"
104,Northern Fur Seal,600,43,26,1200000,"North America,Asia",https://upload.wikimedia.org/wikipedia/commons/0/08/Callorhinus_ursinus_and_harem.jpg,Callorhinus ursinus and harem.jpg,https://commons.wikimedia.org/wiki/File:Callorhinus_ursinus_and_harem.jpg,Public domain,File:Callorhinus ursinus and harem.jpg by M. Boylan Public domain via Wikimedia Commons
105,Leopard Seal,1323,54,26,220000,Antarctica,https://upload.wikimedia.org/wikipedia/commons/b/bf/Hydrurga_leptonyx_edit1.jpg,Hydrurga leptonyx edit1.jpg,https://commons.wikimedia.org/wiki/File:Hydrurga_leptonyx_edit1.jpg,CC BY-SA 3.0,File:Hydrurga leptonyx edit1.jpg CC BY-SA 3.0 via Wikimedia Commons
106,Bobcat,49,24,16,2500000,North America,https://upload.wikimedia.org/wikipedia/commons/thumb/8/8c/Bobcat_%28Lynx_rufus%29_captured_on_remote_wildlife_camera_during_monitoring_at_Saguaro_National_Park_in_2023._%281db5ac91-1553-434c-8924-77dc0f21c9e2%29.JPG/640px-Bobcat_%28Lynx_rufus%29_captured_on_remote_wildlife_camera_during_monitoring_at_Saguaro_National_Park_in_2023._%281db5ac91-1553-434c-8924-77dc0f21c9e2%29.JPG,,,,
107,Canada Lynx,38,22,17,200000,North America,https://upload.wikimedia.org/wikipedia/commons/5/52/Canada_lynx_by_Michael_Zahra.jpg,Canada lynx by Michael Zahra.jpg,https://commons.wikimedia.org/wiki/File:Canada_lynx_by_Michael_Zahra.jpg,CC BY-SA 3.0,File:Canada lynx by Michael Zahra.jpg by Michael Zahra CC BY-SA 3.0 via Wikimedia Commons
108,Eurasian Lynx,99,30,21,50000,"Europe,Asia",https://upload.wikimedia.org/wikipedia/commons/6/68/Lynx_lynx_poing.jpg,Lynx lynx poing.jpg,https://commons.wikimedia.org/wiki/File:Lynx_lynx_poing.jpg,CC BY-SA 3.0,"File:Lynx lynx poing.jpg by Bernard Landgraf (<a href=""//commons.wikimedia.org/wiki/User:Baerni"" title=""User:Baerni"">User:Baerni</a>) CC BY-SA 3.0 via Wikimedia Commons"
109,Iberian Lynx,35,25,13,1668,Europe,https://upload.wikimedia.org/wikipedia/commons/3/3b/Lince_ib%C3%A9rico_%28Lynx_pardinus%29%2C_Almuradiel%2C_Ciudad_Real%2C_Espa%C3%B1a%2C_2021-12-19%2C_DD_07.jpg,"Lince ibérico (Lynx pardinus), Almuradiel, Ciudad Real, España, 2021-12-19, DD 07.jpg",https://commons.wikimedia.org/wiki/File:Lince_ib%C3%A9rico_(Lynx_pardinus)%2C_Almuradiel%2C_Ciudad_Real%2C_Espa%C3%B1a%2C_2021-12-19%2C_DD_07.jpg,CC BY-SA 4.0,Diego Delso CC BY-SA 4.0 via Wikimedia Commons
110,Caracal,44,22,19,50000,"Africa,Asia",https://upload.wikimedia.org/wikipedia/commons/7/7d/Caracal_kitten_playing_with_rope_toy.jpg,RO OT Caracal national theatre.jpg,https://commons.wikimedia.org/wiki/File:RO_OT_Caracal_national_theatre.jpg,CC BY-SA 3.0,"File:RO OT Caracal national theatre.jpg by <a href=""//commons.wikimedia.org/wiki/User:Andrei_Stroe"" title=""User:Andrei Stroe"">Andrei Stroe</a> CC BY-SA 3.0 via Wikimedia Commons"
111,Serval,40,25,23,100000,Africa,https://upload.wikimedia.org/wikipedia/commons/thumb/4/4f/Serval_-_Cattery_Murmulet.jpg/640px-Serval_-_Cattery_Murmulet.jpg,Serval (Aisne) mairie.JPG,https://commons.wikimedia.org/wiki/File:Serval_(Aisne)_mairie.JPG,CC0,"File:Serval (Aisne) mairie.JPG by <a href=""//commons.wikimedia.org/wiki/User:Havang(nl)"" title=""User:Havang(nl)"">Havang(nl)</a> CC0 via Wikimedia Commons"
112,Ocelot,35,20,20,100000,"South America,Central America,North America",https://upload.wikimedia.org/wikipedia/commons/b/b5/081_Ocelot_in_Encontro_das_%C3%81guas_State_Park_Photo_by_Giles_Laurent.jpg,081 Ocelot in Encontro das Águas State Park Photo by Giles Laurent.jpg,https://commons.wikimedia.org/wiki/File:081_Ocelot_in_Encontro_das_%C3%81guas_State_Park_Photo_by_Giles_Laurent.jpg,CC BY-SA 4.0,"© <a href=""//commons.wikimedia.org/wiki/User:Giles_Laurent"" title=""User:Giles Laurent"">Giles Laurent</a>, <a rel=""nofollow"" class=""external text"" href=""https://gileslaurent.com"">gileslaurent.com</a>, License CC BY-SA CC BY-SA 4.0 via Wikimedia Commons"
113,Margay,9,16,20,50000,"South America,Central America",https://upload.wikimedia.org/wikipedia/commons/3/32/Margaykat_Leopardus_wiedii.jpg,Margaykat Leopardus wiedii.jpg,https://commons.wikimedia.org/wiki/File:Margaykat_Leopardus_wiedii.jpg,CC BY-SA 3.0,"File:Margaykat Leopardus wiedii.jpg by Malene Thyssen (User <a href=""https://da.wikipedia.org/wiki/User:Malene"" class=""extiw"" title=""da:User:Malene"">Malene</a>) CC BY-SA 3.0 via Wikimedia Commons"
114,Fishing Cat,35,16,15,5000,Asia,https://upload.wikimedia.org/wikipedia/commons/f/f7/Prionailurus_viverrinus_01.jpg,Prionailurus viverrinus 01.jpg,https://commons.wikimedia.org/wiki/File:Prionailurus_viverrinus_01.jpg,CC BY 2.0,"File:Prionailurus viverrinus 01.jpg by <a rel=""nofollow"" class=""external text"" href=""https://www.flickr.com/photos/kellinahandbasket/"">Kelinahandbasket</a> CC BY 2.0 via Wikimedia Commons"
115,Pallas's Cat,11,14,12,60000,Asia,https://upload.wikimedia.org/wikipedia/commons/2/2e/WhfPallasCat.JPG,WhfPallasCat.JPG,https://commons.wikimedia.org/wiki/File:WhfPallasCat.JPG,Public domain,"File:WhfPallasCat.JPG by <a href=""//commons.wikimedia.org/wiki/User:Editfmah"" title=""User:Editfmah"">Editfmah</a> Adrian Herridge Public domain via Wikimedia Commons"
116,Wolverine,71,18,13,300000,"North America,Europe,Asia",https://upload.wikimedia.org/wikipedia/commons/thumb/c/c5/Gulo_gulo_gulo_juvenile.jpg/640px-Gulo_gulo_gulo_juvenile.jpg,,,,
117,Honey Badger,35,12,26,100000,"Africa,Asia",https://upload.wikimedia.org/wikipedia/commons/thumb/5/52/Mellivora_capensis_in_Howletts_Wild_Animal_Park.jpg/640px-Mellivora_capensis_in_Howletts_Wild_Animal_Park.jpg,Daniel Ricciardo January 2024.jpg,https://commons.wikimedia.org/wiki/File:Daniel_Ricciardo_January_2024.jpg,CC BY-SA 4.0,"File:Daniel Ricciardo January 2024.jpg by <a href=""//commons.wikimedia.org/wiki/User:DaHuzyBru"" title=""User:DaHuzyBru"">DaHuzyBru</a> CC BY-SA 4.0 via Wikimedia Commons"
118,European Badger,37,12,19,400000,"Europe,Asia",https://upload.wikimedia.org/wikipedia/commons/b/bd/Badger_25-07-09_closer.jpg,Badger 25-07-09 closer.jpg,https://commons.wikimedia.org/wiki/File:Badger_25-07-09_closer.jpg,CC BY 2.0,"File:Badger 25-07-09 closer.jpg by <a rel=""nofollow"" class=""external text"" href=""https://www.flickr.com/people/58447230@N00"">Chris. P</a> CC BY 2.0 via Wikimedia Commons"
119,American Badger,26,12,14,640000,North America,https://upload.wikimedia.org/wikipedia/commons/8/82/Taxidea_taxus_%28Point_Reyes%2C_2007%29.jpg,"Taxidea taxus (Point Reyes, 2007).jpg",https://commons.wikimedia.org/wiki/File:Taxidea_taxus_(Point_Reyes%2C_2007).jpg,CC BY-SA 3.0,"File:Taxidea taxus (Point Reyes, 2007).jpg by <a href=""//commons.wikimedia.org/wiki/User:Yathin_sk"" title=""User:Yathin sk"">Yathin S Krishnappa</a> CC BY-SA 3.0 via Wikimedia Commons"
120,Sea Otter,99,18,23,125000,"North America,Asia",https://upload.wikimedia.org/wikipedia/commons/1/15/Sea_otter_cropped.jpg,Sea otter cropped.jpg,https://commons.wikimedia.org/wiki/File:Sea_otter_cropped.jpg,CC BY 2.0,"<a rel=""nofollow"" class=""external text"" href=""http://flickr.bairdphotos.com"">""Mike"" Michael L. Baird</a> CC BY 2.0 via Wikimedia Commons"
121,Giant Otter,71,20,14,5000,South America,https://upload.wikimedia.org/wikipedia/commons/e/e2/Giantotter.jpg,Giantotter.jpg,https://commons.wikimedia.org/wiki/File:Giantotter.jpg,CC BY-SA 2.5,File:Giantotter.jpg CC BY-SA 2.5 via Wikimedia Commons
122,North American River Otter,30,12,21,100000,North America,https://upload.wikimedia.org/wikipedia/commons/7/70/Quidi_Vidi_Lake_%2814802227372%29.jpg,Quidi Vidi Lake (14802227372).jpg,https://commons.wikimedia.org/wiki/File:Quidi_Vidi_Lake_(14802227372).jpg,CC BY 2.0,"File:Quidi Vidi Lake (14802227372).jpg by <a rel=""nofollow"" class=""external text"" href=""https://www.flickr.com/people/97132917@N00"">Jeremy T. Hetzel</a> from Boston, USA CC BY 2.0 via Wikimedia Commons"
123,Eurasian Otter,24,12,16,120000,"Europe,Asia,Africa",https://upload.wikimedia.org/wikipedia/commons/thumb/7/77/Lutra_lutra_1_-_Otter%2C_Owl%2C_and_Wildlife_Park.jpg/640px-Lutra_lutra_1_-_Otter%2C_Owl%2C_and_Wildlife_Park.jpg,,,KOGL Type 1,
124,African Civet,44,15,28,100000,Africa,https://upload.wikimedia.org/wikipedia/commons/a/a2/Civettictis_civetta_11.jpg,Civettictis civetta 11.jpg,https://commons.wikimedia.org/wiki/File:Civettictis_civetta_11.jpg,CC BY-SA 3.0,"File:Civettictis civetta 11.jpg by <a href=""//commons.wikimedia.org/wiki/User:%D0%9D%D0%B8%D0%BA%D0%BE%D0%BB%D0%B0%D0%B9_%D0%A3%D1%81%D0%B8%D0%BA"" title=""User:Николай Усик"">Николай Усик</a> / <a rel=""nofollow"" class=""external free"" href=""http://paradoxusik.livejournal.com/"">http://paradoxusik.livejournal.com/</a> CC BY-SA 3.0 via Wikimedia Commons"
125,Binturong,71,18,25,10000,Asia,https://upload.wikimedia.org/wikipedia/commons/a/a7/Binturong_in_Overloon.jpg,Binturong in Overloon.jpg,https://commons.wikimedia.org/wiki/File:Binturong_in_Overloon.jpg,CC BY-SA 3.0,"<a href=""https://de.wikipedia.org/wiki/User:TassiloRau"" class=""extiw"" title=""de:User:TassiloRau"">TassiloRau</a> CC BY-SA 3.0 via Wikimedia Commons"
126,Banded Mongoose,5,10,15,1000000,Africa,https://upload.wikimedia.org/wikipedia/commons/9/94/168_Banded_mongoose_in_Etosha_National_Park_Photo_by_Giles_Laurent.jpg,168 Banded mongoose in Etosha National Park Photo by Giles Laurent.jpg,https://commons.wikimedia.org/wiki/File:168_Banded_mongoose_in_Etosha_National_Park_Photo_by_Giles_Laurent.jpg,CC BY-SA 4.0,"File:168 Banded mongoose in Etosha National Park Photo by Giles Laurent.jpg by <a href=""//commons.wikimedia.org/wiki/User:Giles_Laurent"" title=""User:Giles Laurent"">Giles Laurent</a> CC BY-SA 4.0 via Wikimedia Commons"
127,Meerkat,2,12,12,1000000,Africa,https://upload.wikimedia.org/wikipedia/commons/c/c4/Meerkat_%28Suricata_suricatta%29.jpg,Meerkat (Suricata suricatta).jpg,https://commons.wikimedia.org/wiki/File:Meerkat_(Suricata_suricatta).jpg,CC BY-SA 4.0,© Hans Hillewaert CC BY-SA 4.0 via Wikimedia Commons
128,Fossa,26,14,20,2635,Africa,https://upload.wikimedia.org/wikipedia/commons/6/6e/Uruk_Sulcus_07291996_zoom.png,Uruk Sulcus 07291996 zoom.png,https://commons.wikimedia.org/wiki/File:Uruk_Sulcus_07291996_zoom.png,CC BY-SA 4.0,"File:Uruk Sulcus 07291996 zoom.png by <a href=""//commons.wikimedia.org/wiki/User:Ysogo"" title=""User:Ysogo"">Ysogo</a> CC BY-SA 4.0 via Wikimedia Commons"
129,Okapi,770,72,30,10000,Africa,https://upload.wikimedia.org/wikipedia/commons/b/b6/Okapia_johnstoni_-Marwell_Wildlife%2C_Hampshire%2C_England-8a.jpg,"Okapia johnstoni -Marwell Wildlife, Hampshire, England-8a.jpg",https://commons.wikimedia.org/wiki/File:Okapia_johnstoni_-Marwell_Wildlife%2C_Hampshire%2C_England-8a.jpg,CC BY 2.0,"File:Okapia johnstoni -Marwell Wildlife, Hampshire, England-8a.jpg by <a rel=""nofollow"" class=""external text"" href=""https://www.flickr.com/photos/38737399@N03"">Charles Miller</a> CC BY 2.0 via Wikimedia Commons"
130,Common Wombat,88,20,26,200000,Australia,https://upload.wikimedia.org/wikipedia/commons/1/18/Vombatus_ursinus_-Maria_Island_National_Park.jpg,Vombatus ursinus -Maria Island National Park.jpg,https://commons.wikimedia.org/wiki/File:Vombatus_ursinus_-Maria_Island_National_Park.jpg,CC BY-SA 3.0,"File:Vombatus ursinus -Maria Island National Park.jpg by <a href=""//commons.wikimedia.org/wiki/User:JJ_Harrison"" title=""User:JJ Harrison"">JJ Harrison</a> (<a rel=""nofollow"" class=""external text"" href=""mailto:jjharrison89@facebook.com"">jjharrison89@facebook.com</a>) CC BY-SA 3.0 via Wikimedia Commons"
131,Northern Hairy-nosed Wombat,72,16,25,200,Australia,https://upload.wikimedia.org/wikipedia/commons/0/00/Haarnasenwombat_%28Lasiorhinus_krefftii%29.jpg,Haarnasenwombat (Lasiorhinus krefftii).jpg,https://commons.wikimedia.org/wiki/File:Haarnasenwombat_(Lasiorhinus_krefftii).jpg,CC BY-SA 2.0 de,"Eva Hejda <a rel=""nofollow"" class=""external free"" href=""http://fotos.naturspot.de/"">http://fotos.naturspot.de/</a> CC BY-SA 2.0 de via Wikimedia Commons"
132,Aardvark,180,24,23,10000,Africa,https://upload.wikimedia.org/wikipedia/commons/thumb/a/a9/Orycteropus_afer_afer_78448701.jpg/640px-Orycteropus_afer_afer_78448701.jpg,,,,
133,Sunda Pangolin,17,10,20,5000,Asia,https://upload.wikimedia.org/wikipedia/commons/4/42/Pangolin_borneo.jpg,Pangolin borneo.jpg,https://commons.wikimedia.org/wiki/File:Pangolin_borneo.jpg,CC BY-SA 3.0,"<a href=""https://de.wikipedia.org/wiki/User:Piekfrosch"" class=""extiw"" title=""de:User:Piekfrosch"">Piekfrosch</a> CC BY-SA 3.0 via Wikimedia Commons"
134,African Ground Pangolin,40,12,20,100000,Africa,https://upload.wikimedia.org/wikipedia/commons/e/ea/Smutsia.jpg,Smutsia.jpg,https://commons.wikimedia.org/wiki/File:Smutsia.jpg,CC BY-SA 4.0,"File:Smutsia.jpg by derivative work: <a href=""//commons.wikimedia.org/wiki/User:The_Explaner"" title=""User:The Explaner"">user:The Explaner</a> CC BY-SA 4.0 via Wikimedia Commons"
135,Bactrian Camel,2200,90,50,950,Asia,https://upload.wikimedia.org/wikipedia/commons/8/82/2011_Trampeltier_1528.JPG,2011 Trampeltier 1528.JPG,https://commons.wikimedia.org/wiki/File:2011_Trampeltier_1528.JPG,CC BY-SA 3.0,"File:2011 Trampeltier 1528.JPG by <a href=""//commons.wikimedia.org/wiki/User:J._Patrick_Fischer"" title=""User:J. Patrick Fischer"">J. Patrick Fischer</a> CC BY-SA 3.0 via Wikimedia Commons"
136,Dromedary Camel,1521,85,40,14700000,"Africa,Asia",https://upload.wikimedia.org/wikipedia/commons/9/9e/Camelcalf-feeding.jpg,Camelcalf-feeding.jpg,https://commons.wikimedia.org/wiki/File:Camelcalf-feeding.jpg,CC BY-SA 3.0,"File:Camelcalf-feeding.jpg by <a href=""//commons.wikimedia.org/wiki/User:Garrondo"" title=""User:Garrondo"">Garrondo</a> CC BY-SA 3.0 via Wikimedia Commons"
137,Llama,440,75,25,4500000,South America,https://commons.wikimedia.org/wiki/File:Lama_glama_in_Junsele.jpg,,,,
138,Alpaca,185,60,20,6000000,South America,https://upload.wikimedia.org/wikipedia/commons/2/21/Alpacas_Sillustani_%28pixinn.net%29.jpg,Alpacas Sillustani (pixinn.net).jpg,https://commons.wikimedia.org/wiki/File:Alpacas_Sillustani_(pixinn.net).jpg,CC BY-SA 2.5,File:Alpacas Sillustani (pixinn.net).jpg by Christophe Meneboeuf CC BY-SA 2.5 via Wikimedia Commons
139,Guanaco,265,47,20,600000,South America,https://upload.wikimedia.org/wikipedia/commons/c/c7/Guanaco_at_SF_Zoo.jpg,Guanaco at SF Zoo.jpg,https://commons.wikimedia.org/wiki/File:Guanaco_at_SF_Zoo.jpg,CC BY-SA 4.0,"File:Guanaco at SF Zoo.jpg by <a href=""//commons.wikimedia.org/wiki/User:Sanjay_ach"" title=""User:Sanjay ach"">Sanjay Acharya</a> CC BY-SA 4.0 via Wikimedia Commons"
140,Vicuña,143,40,15,350000,South America,https://upload.wikimedia.org/wikipedia/commons/thumb/3/31/Vikunjaszoo.JPG/640px-Vikunjaszoo.JPG,,,,
141,Blackbuck,95,33,15,50000,Asia,https://upload.wikimedia.org/wikipedia/commons/4/45/BlackBuck.jpg,BlackBuck.jpg,https://commons.wikimedia.org/wiki/File:BlackBuck.jpg,CC BY-SA 4.0,"File:BlackBuck.jpg by <a href=""//commons.wikimedia.org/w/index.php?title=User:Sagar735&amp;action=edit&amp;redlink=1"" class=""new"" title=""User:Sagar735 (page does not exist)"">Sagar735</a> CC BY-SA 4.0 via Wikimedia Commons"
142,Chinkara,52,26,14,100000,Asia,https://upload.wikimedia.org/wikipedia/commons/f/f9/Chinkara_%2850862526682%29.jpg,Chinkara (50862526682).jpg,https://commons.wikimedia.org/wiki/File:Chinkara_(50862526682).jpg,CC BY 2.0,"File:Chinkara (50862526682).jpg by <a rel=""nofollow"" class=""external text"" href=""https://www.flickr.com/people/70804987@N00"">Mike Prince</a> from Bangalore, India CC BY 2.0 via Wikimedia Commons"
143,Takin,772,55,16,6500,Asia,https://upload.wikimedia.org/wikipedia/commons/3/3a/Budorcas_taxicolor01.jpg,Budorcas taxicolor01.jpg,https://commons.wikimedia.org/wiki/File:Budorcas_taxicolor01.jpg,CC BY-SA 3.0,"File:Budorcas taxicolor01.jpg by No machine-readable author provided. <a href=""//commons.wikimedia.org/wiki/User:JoJan"" title=""User:JoJan"">JoJan</a> assumed (based on copyright claims). CC BY-SA 3.0 via Wikimedia Commons"
144,Chamois,121,32,14,400000,"Europe,Asia",https://upload.wikimedia.org/wikipedia/commons/1/1b/Rupicapra-rupicapra-2.jpg,ChamoisAugust242023 02.jpg,https://commons.wikimedia.org/wiki/File:ChamoisAugust242023_02.jpg,CC BY-SA 4.0,"File:ChamoisAugust242023 02.jpg by <a href=""//commons.wikimedia.org/wiki/User:Agmonsnir"" title=""User:Agmonsnir"">Hagai Agmon-Snir حچاي اچمون-سنير חגי אגמון-שניר</a> CC BY-SA 4.0 via Wikimedia Commons"
145,Himalayan Tahr,198,40,14,3500,Asia,https://upload.wikimedia.org/wikipedia/commons/6/67/Himalayan_Tahr_Kedarnath_Musk_Deer_Sanctuary_Uttarakhand_India_30.11.2015.jpg,Himalayan Tahr Kedarnath Musk Deer Sanctuary Uttarakhand India 30.11.2015.jpg,https://commons.wikimedia.org/wiki/File:Himalayan_Tahr_Kedarnath_Musk_Deer_Sanctuary_Uttarakhand_India_30.11.2015.jpg,CC BY-SA 3.0,"File:Himalayan Tahr Kedarnath Musk Deer Sanctuary Uttarakhand India 30.11.2015.jpg by <a href=""//commons.wikimedia.org/wiki/User:Dibyendu_Ash"" title=""User:Dibyendu Ash"">Dibyendu Ash</a> CC BY-SA 3.0 via Wikimedia Commons"
146,Capybara,231,24,12,1000000,South America,https://upload.wikimedia.org/wikipedia/commons/3/32/Capybara_%28Hydrochoerus_hydrochaeris%29_alpha_male.JPG,Capybara (Hydrochoerus hydrochaeris) alpha male.JPG,https://commons.wikimedia.org/wiki/File:Capybara_(Hydrochoerus_hydrochaeris)_alpha_male.JPG,CC BY-SA 4.0,"File:Capybara (Hydrochoerus hydrochaeris) alpha male.JPG by <bdi><a href=""https://www.wikidata.org/wiki/Q54800218"" class=""extiw"" title=""d:Q54800218""><span title=""Scottish wildlife photographer"">Charles J. Sharp</span></a></bdi> CC BY-SA 4.0 via Wikimedia Commons"
147,North American Beaver,110,16,24,6000000,North America,https://upload.wikimedia.org/wikipedia/commons/1/18/North_American_Beaver%2C_Humber_River_near_Kleinburg%2C_Ontario_%2839637607974%29.jpg,"North American Beaver, Humber River near Kleinburg, Ontario (39637607974).jpg",https://commons.wikimedia.org/wiki/File:North_American_Beaver%2C_Humber_River_near_Kleinburg%2C_Ontario_(39637607974).jpg,CC BY 2.0,"File:North American Beaver, Humber River near Kleinburg, Ontario (39637607974).jpg by <a rel=""nofollow"" class=""external text"" href=""https://www.flickr.com/people/47717671@N05"">Vlad Podvorny</a> CC BY 2.0 via Wikimedia Commons"
148,African Crested Porcupine,66,18,27,1000000,Africa,https://upload.wikimedia.org/wikipedia/commons/9/96/0_Hystrix_cristata_-_Porc-%C3%A9pics_%C3%A0_cr%C3%AAte_%281%29.JPG,0 Hystrix cristata - Porc-épics à crête (1).JPG,https://commons.wikimedia.org/wiki/File:0_Hystrix_cristata_-_Porc-%C3%A9pics_%C3%A0_cr%C3%AAte_(1).JPG,CC BY-SA 3.0,"File:0 Hystrix cristata - Porc-épics à crête (1).JPG by <a href=""//commons.wikimedia.org/wiki/User:Jean-Pol_GRANDMONT"" title=""User:Jean-Pol GRANDMONT"">Jean-Pol GRANDMONT</a> CC BY-SA 3.0 via Wikimedia Commons"
149,North American Porcupine,40,18,23,1000000,North America,https://upload.wikimedia.org/wikipedia/commons/0/04/Porcupine_NPS11952.jpg,Porcupine NPS11952.jpg,https://commons.wikimedia.org/wiki/File:Porcupine_NPS11952.jpg,Public domain,"File:Porcupine NPS11952.jpg <a rel=""nofollow"" class=""external free"" href=""https://www.nps.gov/features/yell/slidefile/mammals/porcupine/Page.htm"">https://www.nps.gov/features/yell/slidefile/mammals/porcupine/Page.htm</a> Public domain via Wikimedia Commons"
150,Patagonian Mara,35,28,15,100000,South America,https://upload.wikimedia.org/wikipedia/commons/d/d4/Mara_1.jpg,Mara 1.jpg,https://commons.wikimedia.org/wiki/File:Mara_1.jpg,CC BY-SA 3.0,"File:Mara 1.jpg by <a href=""https://de.wikipedia.org/wiki/Benutzer:Diana"" class=""extiw"" title=""de:Benutzer:Diana"">Diana</a> CC BY-SA 3.0 via Wikimedia Commons"
151,Red Kangaroo,201,71,27,11000000,Australia,https://upload.wikimedia.org/wikipedia/commons/f/fd/Gfp-red-kangaroo-side.jpg,,,GFDL 1.2,
152,Eastern Grey Kangaroo,145,59,20,16000000,Australia,https://upload.wikimedia.org/wikipedia/commons/thumb/6/60/Eastern_Grey_Kangaroo%2C_Jeogla_%28Unsplash_jTTe3zz8kcY%29.jpg/640px-Eastern_Grey_Kangaroo%2C_Jeogla_%28Unsplash_jTTe3zz8kcY%29.jpg,,,GFDL 1.2,
153,Common Wallaroo,130,39,19,5000000,Australia,https://upload.wikimedia.org/wikipedia/commons/e/e1/Macropus_robustus2.jpg,Macropus robustus2.jpg,https://commons.wikimedia.org/wiki/File:Macropus_robustus2.jpg,CC BY-SA 2.0,File:Macropus robustus2.jpg by Michael Barritt &amp; Karen May CC BY-SA 2.0 via Wikimedia Commons
154,Western Grey Kangaroo,119,59,20,6000000,Australia,https://upload.wikimedia.org/wikipedia/commons/b/b3/Bramera_Cemetery_Kangaroos-1_%2814987013563%29.jpg,Bramera Cemetery Kangaroos-1 (14987013563).jpg,https://commons.wikimedia.org/wiki/File:Bramera_Cemetery_Kangaroos-1_(14987013563).jpg,CC BY-SA 2.0,"File:Bramera Cemetery Kangaroos-1 (14987013563).jpg by <a rel=""nofollow"" class=""external text"" href=""https://www.flickr.com/people/34534185@N00"">Sheba_Also 43,000 photos</a> CC BY-SA 2.0 via Wikimedia Commons"
155,Tasmanian Devil,26,14,6,20000,Australia,https://upload.wikimedia.org/wikipedia/commons/4/43/Sarcophilus_harrisii_taranna.jpg,Sarcophilus harrisii taranna.jpg,https://commons.wikimedia.org/wiki/File:Sarcophilus_harrisii_taranna.jpg,CC BY-SA 3.0,"File:Sarcophilus harrisii taranna.jpg by <a href=""//commons.wikimedia.org/wiki/User:JJ_Harrison"" title=""User:JJ Harrison"">JJ Harrison</a> (<a rel=""nofollow"" class=""external free"" href=""https://www.jjharrison.com.au/"">https://www.jjharrison.com.au/</a>) CC BY-SA 3.0 via Wikimedia Commons"
156,Quokka,9,18,10,12000,Australia,https://upload.wikimedia.org/wikipedia/commons/a/a0/Rottnest_Quokka_2004_SeanMcClean.jpg,Rottnest Quokka 2004 SeanMcClean.jpg,https://commons.wikimedia.org/wiki/File:Rottnest_Quokka_2004_SeanMcClean.jpg,CC BY-SA 3.0,"File:Rottnest Quokka 2004 SeanMcClean.jpg by <a href=""https://en.wikipedia.org/wiki/User:SeanMack"" class=""extiw"" title=""en:User:SeanMack"">en:User:SeanMack</a> CC BY-SA 3.0 via Wikimedia Commons"
157,Platypus,5,6,17,300000,Australia,https://upload.wikimedia.org/wikipedia/commons/3/3e/Platypus_NML-VZ_1966.327.1.jpg,Platypus cylindrus.jpg,https://commons.wikimedia.org/wiki/File:Platypus_cylindrus.jpg,Public domain,File:Platypus cylindrus.jpg by John Curtis (1791–1862) Public domain via Wikimedia Commons
158,Bongo,893,55,22,28000,Africa,https://commons.wikimedia.org/wiki/File:Bongo_(22736190442).jpg,,,,
159,Sitatunga,275,53,22,170000,Africa,https://upload.wikimedia.org/wikipedia/commons/c/cc/Sitatunga_at_Oji_Zoo.JPG,Sitatunga at Oji Zoo.JPG,https://commons.wikimedia.org/wiki/File:Sitatunga_at_Oji_Zoo.JPG,CC BY-SA 3.0,"File:Sitatunga at Oji Zoo.JPG by <a href=""//commons.wikimedia.org/wiki/User:L%C3%B8ken"" title=""User:Løken"">User:Løken</a> CC BY-SA 3.0 via Wikimedia Commons"
160,Nyala,284,48,19,32000,Africa,https://upload.wikimedia.org/wikipedia/commons/thumb/5/59/Tragelaphus_angasii_320641826.jpg/640px-Tragelaphus_angasii_320641826.jpg,,,,
161,Bushbuck,176,40,17,1000000,Africa,https://upload.wikimedia.org/wikipedia/commons/thumb/4/44/Tragelaphus_sylvaticus_312719936.jpg/640px-Tragelaphus_sylvaticus_312719936.jpg,,,,
162,Dibatag,77,36,12,3000,Africa,https://upload.wikimedia.org/wikipedia/commons/4/46/AmmodorcasClarkeiSmit.jpg,AmmodorcasClarkeiSmit.jpg,https://commons.wikimedia.org/wiki/File:AmmodorcasClarkeiSmit.jpg,Public domain,"File:AmmodorcasClarkeiSmit.jpg by <bdi><a href=""https://en.wikipedia.org/wiki/en:Joseph_Smit"" class=""extiw"" title=""w:en:Joseph Smit""><span title=""Dutch natural history illustrator (1836-1929)"">Joseph Smit</span></a></bdi> Public domain via Wikimedia Commons"
163,Gerenuk,115,43,13,95000,Africa,https://upload.wikimedia.org/wikipedia/commons/6/6a/Giraffe_gazelle_africa.jpg,Giraffe gazelle africa.jpg,https://commons.wikimedia.org/wiki/File:Giraffe_gazelle_africa.jpg,CC BY-SA 4.0,"File:Giraffe gazelle africa.jpg by <a href=""//commons.wikimedia.org/wiki/User:Payamfarahani"" title=""User:Payamfarahani"">Payamfarahani</a> CC BY-SA 4.0 via Wikimedia Commons"
164,Dik-dik,15,16,10,5000000,Africa,https://upload.wikimedia.org/wikipedia/commons/thumb/8/8d/Salts_dik-dik-2.jpg/640px-Salts_dik-dik-2.jpg,Dik Dik 75.jpg,https://commons.wikimedia.org/wiki/File:Dik_Dik_75.jpg,Public domain,"File:Dik Dik 75.jpg by Unknown author<span style=""display: none;"">Unknown author</span> Public domain via Wikimedia Commons"
165,Oribi,31,24,14,750000,Africa,https://upload.wikimedia.org/wikipedia/commons/3/30/Sudan_Oribi_%28Ourebia_montana%29_male_%2818172324646%29.jpg,Sudan Oribi (Ourebia montana) male (18172324646).jpg,https://commons.wikimedia.org/wiki/File:Sudan_Oribi_(Ourebia_montana)_male_(18172324646).jpg,CC BY-SA 2.0,"File:Sudan Oribi (Ourebia montana) male (18172324646).jpg by <a rel=""nofollow"" class=""external text"" href=""https://www.flickr.com/people/65695019@N07"">Bernard DUPONT</a> from FRANCE CC BY-SA 2.0 via Wikimedia Commons"
166,Klipspringer,26,22,15,100000,Africa,https://upload.wikimedia.org/wikipedia/commons/c/c7/Klipspringer_%28Oreotragus_oreotragus%29_male_%2833106309596%29.jpg,Klipspringer (Oreotragus oreotragus) male (33106309596).jpg,https://commons.wikimedia.org/wiki/File:Klipspringer_(Oreotragus_oreotragus)_male_(33106309596).jpg,CC BY-SA 2.0,"File:Klipspringer (Oreotragus oreotragus) male (33106309596).jpg by <a rel=""nofollow"" class=""external text"" href=""https://www.flickr.com/people/65695019@N07"">Bernard DUPONT</a> from FRANCE CC BY-SA 2.0 via Wikimedia Commons"
167,Steenbok,26,22,12,1000000,Africa,https://upload.wikimedia.org/wikipedia/commons/d/d4/Raphicerus_campestris_male_%28Etosha%2C_2012%29.jpg,"Raphicerus campestris male (Etosha, 2012).jpg",https://commons.wikimedia.org/wiki/File:Raphicerus_campestris_male_(Etosha%2C_2012).jpg,CC BY-SA 3.0,"File:Raphicerus campestris male (Etosha, 2012).jpg by <a href=""//commons.wikimedia.org/wiki/User:Yathin_sk"" title=""User:Yathin sk"">Yathin S Krishnappa</a> CC BY-SA 3.0 via Wikimedia Commons"
168,Common Duiker,26,22,14,3000000,Africa,https://upload.wikimedia.org/wikipedia/commons/b/bd/Common_duiker_kenya.jpg,Common duiker kenya.jpg,https://commons.wikimedia.org/wiki/File:Common_duiker_kenya.jpg,Public domain,"File:Common duiker kenya.jpg by <a href=""https://en.wikipedia.org/wiki/User:Chuckupd"" class=""extiw"" title=""wikipedia:User:Chuckupd"">Chuckupd</a> at <a href=""https://en.wikipedia.org/wiki/"" class=""extiw"" title=""wikipedia:"">English Wikipedia</a> Public domain via Wikimedia Commons"
169,Coyote,50,24,18,5000000,North America,https://upload.wikimedia.org/wikipedia/commons/thumb/8/80/Coyote%2C_Canis_latrans_%2831433557006%29.jpg/640px-Coyote%2C_Canis_latrans_%2831433557006%29.jpg,,,,
170,Dhole,44,22,16,2500,Asia,https://upload.wikimedia.org/wikipedia/commons/0/01/Dhole_%28Asiatic_wild_dog%29_cropped.jpg,Dhole (Asiatic wild dog) cropped.jpg,https://commons.wikimedia.org/wiki/File:Dhole_(Asiatic_wild_dog)_cropped.jpg,CC BY-SA 4.0,"File:Dhole (Asiatic wild dog) cropped.jpg by <a href=""//commons.wikimedia.org/wiki/User:Davidvraju"" title=""User:Davidvraju"">Davidvraju</a> CC BY-SA 4.0 via Wikimedia Commons"
171,Black-backed Jackal,26,18,14,700000,Africa,https://upload.wikimedia.org/wikipedia/commons/9/9a/135_Black-backed_jackal_hunting_for_food_at_Cape_cross_Photo_by_Giles_Laurent.jpg,135 Black-backed jackal hunting for food at Cape cross Photo by Giles Laurent.jpg,https://commons.wikimedia.org/wiki/File:135_Black-backed_jackal_hunting_for_food_at_Cape_cross_Photo_by_Giles_Laurent.jpg,CC BY-SA 4.0,"File:135 Black-backed jackal hunting for food at Cape cross Photo by Giles Laurent.jpg by <a href=""//commons.wikimedia.org/wiki/User:Giles_Laurent"" title=""User:Giles Laurent"">Giles Laurent</a> CC BY-SA 4.0 via Wikimedia Commons"
172,Side-striped Jackal,31,20,14,200000,Africa,https://upload.wikimedia.org/wikipedia/commons/c/cc/Side-striped_Jackal.jpg,Side-striped Jackal.jpg,https://commons.wikimedia.org/wiki/File:Side-striped_Jackal.jpg,Public domain,"File:Side-striped Jackal.jpg by Thomas A. Hermann, NBII Public domain via Wikimedia Commons"
173,Golden Jackal,33,20,16,1000000,"Europe,Asia,Africa",https://upload.wikimedia.org/wikipedia/commons/e/ee/033_Golden_jackal_in_Keoladeo_National_Park_Photo_by_Giles_Laurent.jpg,033 Golden jackal in Keoladeo National Park Photo by Giles Laurent.jpg,https://commons.wikimedia.org/wiki/File:033_Golden_jackal_in_Keoladeo_National_Park_Photo_by_Giles_Laurent.jpg,CC BY-SA 4.0,"© <a href=""//commons.wikimedia.org/wiki/User:Giles_Laurent"" title=""User:Giles Laurent"">Giles Laurent</a>, <a rel=""nofollow"" class=""external text"" href=""https://gileslaurent.com"">gileslaurent.com</a>, License CC BY-SA CC BY-SA 4.0 via Wikimedia Commons"
174,Asiatic Lion,418,44,20,674,Asia,https://upload.wikimedia.org/wikipedia/commons/f/f8/Lion_in_masai_mara.jpg,Lion in masai mara.jpg,https://commons.wikimedia.org/wiki/File:Lion_in_masai_mara.jpg,Public domain,"File:Lion in masai mara.jpg by <a href=""https://en.wikipedia.org/wiki/User:Sumit.pamnani"" class=""extiw"" title=""wikipedia:User:Sumit.pamnani"">Sumit.pamnani</a> at <a href=""https://en.wikipedia.org/wiki/"" class=""extiw"" title=""wikipedia:"">English Wikipedia</a> Public domain via Wikimedia Commons"
175,Bengal Tiger,660,43,19,2967,Asia,https://upload.wikimedia.org/wikipedia/commons/8/84/Bengal_tiger_in_Sanjay_Dubri_Tiger_Reserve_December_2024_by_Tisha_Mukherjee_11.jpg,Bengal tiger in Sanjay Dubri Tiger Reserve December 2024 by Tisha Mukherjee 11.jpg,https://commons.wikimedia.org/wiki/File:Bengal_tiger_in_Sanjay_Dubri_Tiger_Reserve_December_2024_by_Tisha_Mukherjee_11.jpg,CC BY-SA 4.0,"File:Bengal tiger in Sanjay Dubri Tiger Reserve December 2024 by Tisha Mukherjee 11.jpg by <a href=""//commons.wikimedia.org/wiki/User:Tisha_Mukherjee"" title=""User:Tisha Mukherjee"">Tisha Mukherjee</a> CC BY-SA 4.0 via Wikimedia Commons"
176,Sumatran Tiger,363,35,15,400,Asia,https://upload.wikimedia.org/wikipedia/commons/6/62/Panthera_tigris_sumatrae_in_captivity_02.JPG,Panthera tigris sumatrae in captivity 02.JPG,https://commons.wikimedia.org/wiki/File:Panthera_tigris_sumatrae_in_captivity_02.JPG,CC BY-SA 3.0,"File:Panthera tigris sumatrae in captivity 02.JPG by <a href=""//commons.wikimedia.org/w/index.php?title=User:Pe%C5%82nik&amp;action=edit&amp;redlink=1"" class=""new"" title=""User:Pełnik (page does not exist)"">Pełnik</a> CC BY-SA 3.0 via Wikimedia Commons"
177,Malayan Tiger,264,37,16,150,Asia,https://upload.wikimedia.org/wikipedia/commons/c/c5/MalayanTiger.jpg,MalayanTiger.jpg,https://commons.wikimedia.org/wiki/File:MalayanTiger.jpg,CC BY 3.0,"File:MalayanTiger.jpg by <a href=""//commons.wikimedia.org/wiki/User:Tu7uh"" title=""User:Tu7uh"">Tu7uh</a> CC BY 3.0 via Wikimedia Commons"
178,Indochinese Tiger,430,40,16,350,Asia,https://upload.wikimedia.org/wikipedia/commons/c/c2/Indochinese_Tiger.jpg,Indochinese Tiger.jpg,https://commons.wikimedia.org/wiki/File:Indochinese_Tiger.jpg,CC BY-SA 3.0,"File:Indochinese Tiger.jpg by <a href=""https://en.wikipedia.org/wiki/User:Cburnett"" class=""extiw"" title=""en:User:Cburnett"">en:User:Cburnett</a> CC BY-SA 3.0 via Wikimedia Commons"
179,Red River Hog,285,32,20,100000,Africa,https://upload.wikimedia.org/wikipedia/commons/c/cd/Potamochoerus_porcus_Zoo_Amneville_28092014_2.jpg,Potamochoerus porcus Zoo Amneville 28092014 2.jpg,https://commons.wikimedia.org/wiki/File:Potamochoerus_porcus_Zoo_Amneville_28092014_2.jpg,CC0,"File:Potamochoerus porcus Zoo Amneville 28092014 2.jpg by <a href=""//commons.wikimedia.org/wiki/User:Vassil"" title=""User:Vassil"">Vassil</a> CC0 via Wikimedia Commons"
180,Babirusa,220,32,24,10000,Asia,https://upload.wikimedia.org/wikipedia/commons/c/cd/Hirscheber1a.jpg,Hirscheber1a.jpg,https://commons.wikimedia.org/wiki/File:Hirscheber1a.jpg,CC BY-SA 2.0 de,"File:Hirscheber1a.jpg by <a href=""https://en.wikipedia.org/wiki/de:User:Masteraah"" class=""extiw"" title=""w:de:User:Masteraah"">Masteraah</a> at <a href=""https://en.wikipedia.org/wiki/de:"" class=""extiw"" title=""w:de:"">German Wikipedia</a> CC BY-SA 2.0 de via Wikimedia Commons"
181,South American Tapir,705,44,30,3000,South America,https://upload.wikimedia.org/wikipedia/commons/5/51/Brazilian_tapir_zoo.JPG,Brazilian tapir zoo.JPG,https://commons.wikimedia.org/wiki/File:Brazilian_tapir_zoo.JPG,Public domain,"File:Brazilian tapir zoo.JPG by <a href=""//commons.wikimedia.org/wiki/User:LadyofHats"" title=""User:LadyofHats"">LadyofHats</a> Public domain via Wikimedia Commons"
182,Mountain Tapir,550,36,25,2500,South America,https://upload.wikimedia.org/wikipedia/commons/0/05/Mountain_Tapir2.jpg,Mountain Tapir2.jpg,https://commons.wikimedia.org/wiki/File:Mountain_Tapir2.jpg,CC BY 2.0,"File:Mountain Tapir2.jpg by <a rel=""nofollow"" class=""external text"" href=""https://www.flickr.com/people/7326810@N08"">Just chaos</a> CC BY 2.0 via Wikimedia Commons"
183,Kabomani Tapir,243,32,20,2000,South America,https://upload.wikimedia.org/wikipedia/commons/2/24/Mapa_Tapirus_kabomani.png,Mapa Tapirus kabomani.png,https://commons.wikimedia.org/wiki/File:Mapa_Tapirus_kabomani.png,CC0,File:Mapa Tapirus kabomani.png by Vardion CC0 via Wikimedia Commons
184,Kinkajou,10,10,40,1000000,"South America,Central America",https://upload.wikimedia.org/wikipedia/commons/3/31/Potos_flavus_%288973438737%29.jpg,Potos flavus (8973438737).jpg,https://commons.wikimedia.org/wiki/File:Potos_flavus_(8973438737).jpg,CC BY 2.0,"File:Potos flavus (8973438737).jpg by <a rel=""nofollow"" class=""external text"" href=""https://www.flickr.com/people/92252798@N07"">Dick Culbert</a> from Gibsons, B.C., Canada CC BY 2.0 via Wikimedia Commons"
185,White-nosed Coati,18,12,15,1000000,"South America,Central America,North America",https://upload.wikimedia.org/wikipedia/commons/e/e1/Nasua_narica_-Costa_Rica-8.jpg,Nasua narica -Costa Rica-8.jpg,https://commons.wikimedia.org/wiki/File:Nasua_narica_-Costa_Rica-8.jpg,CC BY 2.0,"File:Nasua narica -Costa Rica-8.jpg by <a rel=""nofollow"" class=""external text"" href=""https://www.flickr.com/people/62997919@N00"">Bruce Harlick</a> from San Francisco, CA, United States CC BY 2.0 via Wikimedia Commons"
186,Common Genet,5,9,22,500000,"Africa,Europe",https://upload.wikimedia.org/wikipedia/commons/6/63/Genetta_genetta_felina_%28Wroclaw_zoo%29.JPG,Genetta genetta felina (Wroclaw zoo).JPG,https://commons.wikimedia.org/wiki/File:Genetta_genetta_felina_(Wroclaw_zoo).JPG,CC BY-SA 3.0,"File:Genetta genetta felina (Wroclaw zoo).JPG by <b><a href=""//commons.wikimedia.org/wiki/User:Gu%C3%A9rin_Nicolas"" title=""User:Guérin Nicolas"">Guérin Nicolas</a> <sup>(<a href=""//commons.wikimedia.org/wiki/User_talk:Gu%C3%A9rin_Nicolas"" title=""User talk:Guérin Nicolas"">messages</a>)</sup></b> CC BY-SA 3.0 via Wikimedia Commons"
187,Large-spotted Civet,20,12,20,100000,Asia,https://upload.wikimedia.org/wikipedia/commons/2/21/ViverraMegaspilaKeulemans.jpg,ViverraMegaspilaKeulemans.jpg,https://commons.wikimedia.org/wiki/File:ViverraMegaspilaKeulemans.jpg,Public domain,"File:ViverraMegaspilaKeulemans.jpg by <bdi><a href=""https://en.wikipedia.org/wiki/en:John_Gerrard_Keulemans"" class=""extiw"" title=""w:en:John Gerrard Keulemans""><span title=""Dutch bird artist (1842-1912)"">John Gerrard Keulemans</span></a></bdi> Public domain via Wikimedia Commons"
188,Striped Skunk,14,10,7,10000000,North America,https://upload.wikimedia.org/wikipedia/commons/0/0c/Striped_Skunk_%28Mephitis_mephitis%29_DSC_0030.jpg,Striped Skunk (Mephitis mephitis) DSC 0030.jpg,https://commons.wikimedia.org/wiki/File:Striped_Skunk_(Mephitis_mephitis)_DSC_0030.jpg,CC BY 2.0,"File:Striped Skunk (Mephitis mephitis) DSC 0030.jpg by <a rel=""nofollow"" class=""external text"" href=""https://www.flickr.com/people/8987884@N07"">Dan &amp; Lin Dzurisin</a> CC BY 2.0 via Wikimedia Commons"
189,Hog Badger,31,12,14,100000,Asia,https://upload.wikimedia.org/wikipedia/commons/1/11/Arctonyx-collaris-hog-badger-2.jpg,Arctonyx-collaris-hog-badger-2.jpg,https://commons.wikimedia.org/wiki/File:Arctonyx-collaris-hog-badger-2.jpg,CC BY-SA 4.0,"File:Arctonyx-collaris-hog-badger-2.jpg by <a href=""//commons.wikimedia.org/wiki/User:Rushenb"" title=""User:Rushenb"">Rushenb</a> CC BY-SA 4.0 via Wikimedia Commons"
190,Tayra,13,12,18,200000,"South America,Central America,North America",https://upload.wikimedia.org/wikipedia/commons/9/91/Tayra_-_Male%2C_Brazil.jpg,"Tayra - Male, Brazil.jpg",https://commons.wikimedia.org/wiki/File:Tayra_-_Male%2C_Brazil.jpg,CC BY-SA 4.0,"File:Tayra - Male, Brazil.jpg by <a href=""//commons.wikimedia.org/w/index.php?title=User:Ninahale&amp;action=edit&amp;redlink=1"" class=""new"" title=""User:Ninahale (page does not exist)"">Ninahale</a> CC BY-SA 4.0 via Wikimedia Commons"
191,Zorilla,3,8,13,100000,Africa,https://upload.wikimedia.org/wikipedia/commons/thumb/9/92/Gestreepte_bunzing_of_zorilla_%28Ictonyx_striatus%29_Zorilla_Le_zorille_%28titel_op_object%29%2C_RP-T-BR-2017-1-2-44.jpg/640px-Gestreepte_bunzing_of_zorilla_%28Ictonyx_striatus%29_Zorilla_Le_zorille_%28titel_op_object%29%2C_RP-T-BR-2017-1-2-44.jpg,,,,
192,Marbled Polecat,3,8,13,40000,"Europe,Asia",https://upload.wikimedia.org/wikipedia/commons/4/40/Marbled_Polecat%2C_Suzakskiy%2C_Kazakhstan_2.jpg,"Marbled Polecat, Suzakskiy, Kazakhstan 2.jpg",https://commons.wikimedia.org/wiki/File:Marbled_Polecat%2C_Suzakskiy%2C_Kazakhstan_2.jpg,CC BY 4.0,"File:Marbled Polecat, Suzakskiy, Kazakhstan 2.jpg by <a rel=""nofollow"" class=""external text"" href=""https://www.inaturalist.org/people/katharinegk"">katharinegk</a> CC BY 4.0 via Wikimedia Commons"
193,Black-footed Ferret,2,6,12,400,North America,https://upload.wikimedia.org/wikipedia/commons/c/cf/Mustela_nigripes_2.jpg,Mustela nigripes 2.jpg,https://commons.wikimedia.org/wiki/File:Mustela_nigripes_2.jpg,Public domain,"File:Mustela nigripes 2.jpg by <a rel=""nofollow"" class=""external text"" href=""https://www.flickr.com/photos/usfwsmtnprairie/"">USFWS Mountain Prairie</a> Public domain via Wikimedia Commons"
194,Tibetan Fox,13,14,10,100000,Asia,https://upload.wikimedia.org/wikipedia/commons/3/31/Vulpes_ferrilata.jpg,Vulpes ferrilata.jpg,https://commons.wikimedia.org/wiki/File:Vulpes_ferrilata.jpg,CC0,"File:Vulpes ferrilata.jpg by <a rel=""nofollow"" class=""external text"" href=""https://www.inaturalist.org/users/6924064"">James Eaton</a> CC0 via Wikimedia Commons"
195,Bat-eared Fox,11,12,14,600000,Africa,https://upload.wikimedia.org/wikipedia/commons/3/3d/187_Bat-eared_fox_in_Otjozondjupa_Region_Photo_by_Giles_Laurent.jpg,187 Bat-eared fox in Otjozondjupa Region Photo by Giles Laurent.jpg,https://commons.wikimedia.org/wiki/File:187_Bat-eared_fox_in_Otjozondjupa_Region_Photo_by_Giles_Laurent.jpg,CC BY-SA 4.0,"File:187 Bat-eared fox in Otjozondjupa Region Photo by Giles Laurent.jpg by <a href=""//commons.wikimedia.org/wiki/User:Giles_Laurent"" title=""User:Giles Laurent"">Giles Laurent</a> CC BY-SA 4.0 via Wikimedia Commons"
196,Cape Fox,7,12,9,700000,Africa,https://upload.wikimedia.org/wikipedia/commons/8/87/Vulpes_chama_%28Etosha%29.jpg,Vulpes chama (Etosha).jpg,https://commons.wikimedia.org/wiki/File:Vulpes_chama_(Etosha).jpg,CC BY-SA 3.0,"File:Vulpes chama (Etosha).jpg by <a href=""//commons.wikimedia.org/wiki/User:Yathin_sk"" title=""User:Yathin sk"">Yathin S Krishnappa</a> CC BY-SA 3.0 via Wikimedia Commons"
197,Corsac Fox,14,11,12,500000,"Asia,Europe",https://upload.wikimedia.org/wikipedia/commons/0/07/Vulpes_corsac.jpg,Vulpes corsac.jpg,https://commons.wikimedia.org/wiki/File:Vulpes_corsac.jpg,Public domain,"File:Vulpes corsac.jpg by Wim Stam (<a href=""//commons.wikimedia.org/w/index.php?title=User:Wim_stam&amp;action=edit&amp;redlink=1"" class=""new"" title=""User:Wim stam (page does not exist)"">User:Wim stam</a>) Public domain via Wikimedia Commons"
198,Swift Fox,6,12,14,260000,North America,https://upload.wikimedia.org/wikipedia/commons/6/67/Swift_Fox.jpg,Swift Fox.jpg,https://commons.wikimedia.org/wiki/File:Swift_Fox.jpg,CC BY-SA 3.0,"File:Swift Fox.jpg by <a href=""https://en.wikipedia.org/wiki/User:Cburnett"" class=""extiw"" title=""en:User:Cburnett"">en:User:Cburnett</a> CC BY-SA 3.0 via Wikimedia Commons"
199,Raccoon Dog,22,14,11,3000000,"Asia,Europe",https://upload.wikimedia.org/wikipedia/commons/3/36/%D0%95%D0%BD%D0%BE%D1%82%D0%BE%D0%B2%D0%B8%D0%B4%D0%BD%D0%B0%D1%8F_%D1%81%D0%BE%D0%B1%D0%B0%D0%BA%D0%B0_%D0%93%D1%80%D0%BE%D0%B4%D0%BD%D0%BE_%28cropped_2%29.jpg,Енотовидная собака Гродно (cropped 2).jpg,https://commons.wikimedia.org/wiki/File:%D0%95%D0%BD%D0%BE%D1%82%D0%BE%D0%B2%D0%B8%D0%B4%D0%BD%D0%B0%D1%8F_%D1%81%D0%BE%D0%B1%D0%B0%D0%BA%D0%B0_%D0%93%D1%80%D0%BE%D0%B4%D0%BD%D0%BE_(cropped_2).jpg,CC BY-SA 3.0,"File:Енотовидная собака Гродно (cropped 2).jpg by <a href=""//commons.wikimedia.org/wiki/User:%D0%94%D0%BE%D0%BA%D1%82%D0%BE%D1%80_%D1%80%D1%83%D0%BA%D0%B8%D0%BD%D0%BE%D0%B3%D0%B8"" title=""User:Доктор рукиноги"">Доктор рукиноги</a> CC BY-SA 3.0 via Wikimedia Commons"
200,Dingo,44,24,10,10000,Australia,https://upload.wikimedia.org/wikipedia/commons/thumb/e/ef/Dingo_Australia_Zoo_QLD.jpg/640px-Dingo_Australia_Zoo_QLD.jpg,,,,
